Quote Date,Year,NSW,QLD,SA,VIC
2025-08-27,2028,115.71,91.8,96.0,78.27
2025-08-27,2027,115.06,95.86,94.08,74.75
2025-08-27,2026,117.75,101.05,95.72,77.69
2025-08-26,2027,114.8,95.72,94.08,74.8
2025-08-26,2028,115.39,91.59,95.93,78.27
2025-08-26,2026,117.4,100.63,95.72,77.74
2025-08-25,2026,116.85,100.13,95.72,77.27
2025-08-25,2028,115.14,91.4,95.0,78.23
2025-08-25,2027,114.76,95.6,94.08,74.45
2025-08-22,2026,117.39,100.38,96.01,77.81
2025-08-22,2028,115.17,91.5,95.0,78.23
2025-08-22,2027,114.91,95.69,94.15,74.49
2025-08-21,2027,114.83,95.68,94.75,74.52
2025-08-21,2026,117.21,100.38,96.32,77.75
2025-08-21,2028,115.09,91.5,95.0,78.23
2025-08-20,2028,115.05,91.5,95.0,78.23
2025-08-20,2026,117.19,100.5,96.33,78.42
2025-08-20,2027,114.52,95.68,94.89,74.9
2025-08-19,2026,117.17,101.0,96.2,78.7
2025-08-19,2027,114.35,95.85,94.73,74.9
2025-08-19,2028,114.93,91.5,95.0,78.17
2025-08-18,2028,116.08,91.95,95.0,78.23
2025-08-18,2027,115.33,96.26,94.73,75.77
2025-08-18,2026,117.95,102.01,96.2,79.58
2025-08-15,2027,115.38,96.23,94.73,75.77
2025-08-15,2026,118.2,101.97,96.2,79.61
2025-08-15,2028,116.14,91.88,95.0,78.23
2025-08-14,2026,117.85,101.7,96.2,79.44
2025-08-14,2027,115.23,96.26,94.73,75.77
2025-08-14,2028,116.02,91.88,95.0,78.1
2025-08-13,2026,118.62,102.1,96.2,80.12
2025-08-13,2028,116.28,91.67,95.0,77.67
2025-08-13,2027,115.53,96.26,94.73,75.84
2025-08-12,2027,115.41,96.2,94.73,75.87
2025-08-12,2028,116.0,91.67,94.8,77.28
2025-08-12,2026,118.59,101.84,96.2,80.12
2025-08-11,2026,118.46,101.64,96.2,79.99
2025-08-11,2027,115.0,96.2,94.73,75.63
2025-08-11,2028,115.35,91.67,94.8,76.01
2025-08-08,2027,114.89,95.89,94.73,75.46
2025-08-08,2026,118.4,100.9,96.2,79.7
2025-08-08,2028,115.26,91.5,94.8,75.62
2025-08-07,2027,114.9,95.89,94.73,75.07
2025-08-07,2028,115.26,91.5,94.8,75.62
2025-08-07,2026,118.2,100.65,96.2,79.33
2025-08-06,2026,118.3,100.7,96.2,79.32
2025-08-06,2028,115.26,91.5,94.8,75.5
2025-08-06,2027,115.0,95.89,94.73,75.07
2025-08-05,2026,117.6,100.12,95.48,78.48
2025-08-05,2027,114.0,95.37,94.51,74.65
2025-08-05,2028,114.0,91.3,94.8,75.5
2025-08-04,2028,113.25,91.15,94.8,75.24
2025-08-04,2026,117.21,99.89,95.48,78.05
2025-08-04,2027,113.59,95.0,94.51,74.49
2025-08-01,2028,113.02,91.15,94.8,75.23
2025-08-01,2026,117.02,99.88,95.48,78.0
2025-08-01,2027,113.24,94.93,94.51,74.49
2025-07-31,2028,113.05,91.15,94.8,75.23
2025-07-31,2027,113.14,94.93,94.51,74.49
2025-07-31,2026,116.92,99.9,95.48,77.69
2025-07-30,2028,113.64,91.25,94.8,75.23
2025-07-30,2027,113.59,95.28,94.58,74.5
2025-07-30,2026,117.37,100.56,95.1,77.73
2025-07-29,2026,118.25,101.36,95.69,78.06
2025-07-29,2027,114.1,95.8,94.61,74.61
2025-07-29,2028,114.18,91.44,94.8,75.59
2025-07-28,2026,119.2,102.02,95.69,78.65
2025-07-28,2028,114.95,91.44,94.8,75.72
2025-07-28,2027,115.11,96.16,94.61,75.04
2025-07-25,2027,115.41,96.37,94.61,75.5
2025-07-25,2028,115.01,91.44,94.8,75.96
2025-07-25,2026,119.43,102.1,95.69,78.94
2025-07-24,2027,115.41,96.17,94.48,75.0
2025-07-24,2026,119.2,101.84,95.58,78.7
2025-07-24,2028,115.01,91.2,94.8,75.85
2025-07-23,2027,115.41,96.21,94.33,75.16
2025-07-23,2026,119.25,101.89,95.45,79.14
2025-07-23,2028,115.01,91.25,94.8,75.75
2025-07-22,2028,115.14,91.25,94.8,75.65
2025-07-22,2027,115.6,96.21,94.33,75.17
2025-07-22,2026,119.14,101.85,95.45,79.4
2025-07-21,2027,115.98,96.31,94.33,75.08
2025-07-21,2026,119.26,102.04,95.45,79.27
2025-07-21,2028,115.14,91.49,94.8,75.45
2025-07-18,2028,115.25,91.49,94.42,75.22
2025-07-18,2027,116.26,96.35,94.33,75.25
2025-07-18,2026,119.8,102.5,95.42,79.7
2025-07-17,2027,115.55,96.19,93.75,74.85
2025-07-17,2028,114.7,91.49,94.0,75.05
2025-07-17,2026,118.95,101.99,95.25,79.15
2025-07-16,2028,114.26,91.49,93.5,74.97
2025-07-16,2027,115.12,96.07,92.16,74.43
2025-07-16,2026,118.66,101.75,95.15,78.75
2025-07-15,2026,118.84,101.8,95.15,78.71
2025-07-15,2028,114.26,91.49,93.32,74.97
2025-07-15,2027,115.15,96.03,92.16,74.39
2025-07-14,2026,118.85,101.46,95.15,78.7
2025-07-14,2028,114.26,91.49,93.32,74.79
2025-07-14,2027,115.16,96.0,92.16,74.04
2025-07-11,2026,119.37,101.75,95.15,78.85
2025-07-11,2028,114.32,91.5,93.32,74.79
2025-07-11,2027,115.46,96.08,92.16,74.27
2025-07-10,2026,119.43,101.91,95.15,79.02
2025-07-10,2027,115.46,96.05,92.16,74.22
2025-07-10,2028,114.32,91.35,93.32,74.79
2025-07-09,2028,114.22,90.94,93.32,74.66
2025-07-09,2026,119.17,101.3,95.15,78.4
2025-07-09,2027,115.16,95.79,92.16,73.77
2025-07-08,2026,118.93,101.12,95.5,78.2
2025-07-08,2027,114.62,95.6,92.25,73.6
2025-07-08,2028,114.21,90.82,93.32,74.66
2025-07-07,2026,119.84,101.66,95.76,78.96
2025-07-07,2027,115.34,95.83,92.25,73.9
2025-07-07,2028,114.58,90.82,93.32,74.66
2025-07-04,2026,120.83,102.66,96.01,80.34
2025-07-04,2027,115.78,96.6,92.25,74.41
2025-07-04,2028,114.6,91.03,93.32,75.1
2025-07-03,2027,116.27,97.19,92.25,75.09
2025-07-03,2028,114.6,91.24,93.32,75.53
2025-07-03,2026,121.25,102.84,95.75,80.96
2025-07-02,2026,121.24,102.91,94.41,81.04
2025-07-02,2027,116.13,97.42,91.0,75.23
2025-07-02,2028,114.53,90.67,93.32,75.53
2025-07-01,2026,121.4,103.04,94.41,81.64
2025-07-01,2027,116.23,97.42,91.0,76.1
2025-07-01,2028,114.59,90.67,93.32,75.91
2025-06-30,2026,121.49,103.87,94.41,81.84
2025-06-30,2028,114.59,90.6,93.0,75.97
2025-06-30,2027,116.43,97.44,91.0,76.11
2025-06-27,2026,122.6,104.81,94.41,83.24
2025-06-27,2027,117.25,97.98,91.0,77.88
2025-06-27,2028,115.5,91.04,93.0,77.15
2025-06-26,2027,115.55,97.98,91.0,76.92
2025-06-26,2026,120.9,104.52,94.41,81.54
2025-06-26,2028,114.53,91.05,93.0,77.15
2025-06-25,2026,121.12,104.8,93.88,81.63
2025-06-25,2027,116.07,98.49,91.0,76.75
2025-06-25,2028,114.68,91.32,93.0,77.15
2025-06-24,2027,116.01,98.63,91.0,76.9
2025-06-24,2028,114.54,91.29,93.0,77.15
2025-06-24,2026,121.07,104.97,93.27,81.53
2025-06-23,2026,121.02,105.0,93.27,81.84
2025-06-23,2028,114.56,91.32,93.0,77.2
2025-06-23,2027,116.01,98.63,91.0,77.21
2025-06-20,2026,119.8,103.15,91.91,79.52
2025-06-20,2028,114.05,90.33,93.02,76.75
2025-06-20,2027,115.16,97.52,89.41,76.07
2025-06-19,2026,119.26,102.13,91.91,79.26
2025-06-19,2028,113.66,90.09,93.0,76.75
2025-06-19,2027,114.5,96.97,89.41,75.92
2025-06-18,2027,114.27,96.97,89.25,76.03
2025-06-18,2028,113.45,90.09,94.67,76.75
2025-06-18,2026,119.0,101.76,91.78,79.0
2025-06-17,2026,120.05,102.72,91.78,79.81
2025-06-17,2027,115.27,97.75,89.25,77.54
2025-06-17,2028,113.45,90.95,94.67,76.75
2025-06-16,2028,113.38,90.35,94.67,76.5
2025-06-16,2027,115.38,97.63,89.25,77.5
2025-06-16,2026,119.88,102.99,91.93,79.75
2025-06-13,2026,118.67,101.33,91.93,78.5
2025-06-13,2027,114.32,96.25,89.25,76.26
2025-06-13,2028,112.79,89.85,94.67,76.25
2025-06-12,2028,112.27,89.58,94.67,76.0
2025-06-12,2027,113.85,95.67,89.0,75.45
2025-06-12,2026,117.86,100.49,89.25,77.22
2025-06-11,2027,113.19,94.75,89.0,74.8
2025-06-11,2028,111.79,87.75,94.67,74.06
2025-06-11,2026,117.0,99.35,88.53,76.01
2025-06-10,2027,112.9,93.82,89.0,74.42
2025-06-10,2026,116.65,99.09,88.53,75.7
2025-06-10,2028,111.67,87.75,94.67,74.06
2025-06-09,2028,111.25,87.75,94.67,74.0
2025-06-09,2026,116.04,98.75,88.06,74.63
2025-06-09,2027,112.33,93.63,89.0,73.68
2025-06-06,2026,116.04,98.75,88.06,74.63
2025-06-06,2028,111.25,87.75,94.67,74.0
2025-06-06,2027,112.33,93.63,89.0,73.68
2025-06-04,2027,111.83,93.11,89.08,73.59
2025-06-04,2026,114.82,98.3,88.44,73.99
2025-06-04,2028,111.21,87.75,96.0,74.0
2025-06-03,2028,113.23,88.5,97.74,74.89
2025-06-03,2027,113.47,93.7,91.5,73.89
2025-06-03,2026,116.15,98.97,89.31,74.46
2025-06-02,2027,114.5,94.15,93.58,74.1
2025-06-02,2026,116.9,99.38,91.44,75.5
2025-06-02,2028,114.13,89.03,97.74,75.0
2025-05-30,2028,114.37,89.03,97.74,75.69
2025-05-30,2026,117.53,99.69,92.39,76.27
2025-05-30,2027,115.0,94.15,93.86,74.56
2025-05-29,2026,116.47,99.07,92.39,75.86
2025-05-29,2028,114.25,89.0,97.74,75.69
2025-05-29,2027,114.05,93.8,93.86,74.8
2025-05-26,2027,115.32,94.08,94.0,74.87
2025-05-26,2026,117.43,99.89,92.78,76.05
2025-05-26,2028,114.87,89.67,97.74,76.0
2025-05-23,2028,116.22,90.19,97.74,76.35
2025-05-23,2027,116.4,94.2,94.67,75.32
2025-05-23,2026,118.23,100.19,92.78,76.79
2025-05-22,2028,116.09,90.19,97.74,76.35
2025-05-22,2026,117.7,99.96,92.78,76.67
2025-05-22,2027,116.28,94.2,94.67,75.59
2025-05-20,2026,118.61,100.78,92.78,77.24
2025-05-20,2028,118.81,90.5,97.74,76.35
2025-05-20,2027,117.34,94.75,95.32,76.0
2025-05-19,2028,119.25,91.17,97.74,76.35
2025-05-19,2026,118.87,101.0,92.78,77.12
2025-05-19,2027,118.0,94.8,95.32,75.78
2025-05-16,2027,119.44,95.0,95.32,75.73
2025-05-16,2026,120.01,102.14,92.97,77.51
2025-05-16,2028,119.96,91.39,97.74,76.35
2025-05-12,2026,121.04,102.7,94.0,78.55
2025-05-12,2027,120.89,96.13,96.51,76.41
2025-05-12,2028,122.0,92.85,97.74,76.35
2025-05-08,2027,120.0,95.69,96.51,75.44
2025-05-08,2028,121.96,92.58,97.74,76.35
2025-05-08,2026,119.27,101.94,94.0,77.32
2025-05-07,2027,120.33,96.4,96.51,75.96
2025-05-07,2026,120.52,102.55,94.37,77.85
2025-05-07,2028,122.3,93.3,97.74,76.35
2025-05-06,2027,120.58,96.38,96.51,76.03
2025-05-06,2026,121.12,102.95,94.44,78.0
2025-05-06,2028,122.3,93.5,97.74,76.35
2025-05-05,2028,122.3,93.1,97.74,76.35
2025-05-05,2027,120.09,95.85,96.51,75.75
2025-05-05,2026,120.42,102.15,94.57,77.58
2025-05-02,2026,119.77,101.94,94.57,77.34
2025-05-02,2028,122.3,93.1,97.74,76.35
2025-05-02,2027,119.73,95.69,96.51,75.56
2025-04-29,2026,121.16,103.95,96.22,78.65
2025-04-29,2028,122.3,94.0,98.26,76.23
2025-04-29,2027,120.28,96.75,97.64,76.18
2025-04-28,2027,120.06,96.75,97.64,76.18
2025-04-28,2028,122.3,94.0,98.26,76.23
2025-04-28,2026,121.05,104.1,96.22,78.76
2025-04-24,2027,119.72,96.75,97.64,75.95
2025-04-24,2026,120.72,103.87,96.22,78.4
2025-04-24,2028,122.3,94.0,98.26,76.23
2025-04-23,2028,122.3,94.0,98.26,76.23
2025-04-23,2026,120.37,103.65,96.22,78.23
2025-04-23,2027,119.56,96.75,97.64,76.02
2025-04-22,2027,119.5,96.5,97.64,76.87
2025-04-22,2028,122.3,94.0,99.3,76.35
2025-04-22,2026,120.1,103.39,96.83,78.14
2025-04-17,2028,122.3,94.3,99.3,76.35
2025-04-17,2026,120.36,103.82,97.0,78.21
2025-04-17,2027,119.75,96.93,97.64,76.87
2025-04-16,2027,119.6,96.93,97.64,76.87
2025-04-16,2028,122.3,94.32,99.3,76.35
2025-04-16,2026,120.15,103.95,97.0,78.16
2025-04-15,2026,120.64,104.34,97.0,78.54
2025-04-15,2027,120.02,97.34,97.64,76.87
2025-04-15,2028,122.3,94.5,99.3,76.35
2025-04-14,2028,122.3,94.25,99.3,76.35
2025-04-14,2026,120.53,104.22,97.0,78.41
2025-04-14,2027,120.08,97.25,97.64,76.87
2025-04-11,2028,122.3,94.7,99.3,76.35
2025-04-11,2027,120.88,97.85,97.64,76.86
2025-04-11,2026,121.46,104.99,97.0,78.83
2025-04-10,2028,122.3,94.7,99.3,76.35
2025-04-10,2027,121.24,98.1,97.64,76.87
2025-04-10,2026,121.95,105.5,97.0,78.87
2025-04-09,2027,120.96,97.5,97.64,76.84
2025-04-09,2026,121.76,105.33,97.0,78.78
2025-04-09,2028,122.3,94.7,99.3,76.1
2025-04-08,2026,121.88,104.75,97.0,78.2
2025-04-08,2027,121.29,97.45,97.64,76.38
2025-04-08,2028,122.3,94.7,99.3,75.98
2025-04-04,2027,120.95,97.03,97.64,76.03
2025-04-04,2026,122.0,104.69,96.61,77.98
2025-04-04,2028,122.31,94.0,99.3,75.85
2025-04-03,2026,121.21,104.19,96.42,77.61
2025-04-03,2028,122.31,93.78,99.3,75.85
2025-04-03,2027,120.72,96.85,97.64,75.66
2025-04-01,2027,120.6,96.73,97.64,75.46
2025-04-01,2028,121.81,93.76,99.3,75.76
2025-04-01,2026,120.3,103.12,96.42,77.27
2025-03-31,2026,119.25,102.53,96.42,76.32
2025-03-31,2027,119.91,96.47,97.64,74.75
2025-03-31,2028,121.81,93.76,99.3,75.5
2025-03-31,2025,113.25,100.87,89.67,75.99
2025-03-28,2025,115.12,101.81,90.17,77.79
2025-03-28,2028,121.81,94.0,99.3,76.49
2025-03-28,2027,120.17,96.68,97.92,75.72
2025-03-28,2026,119.77,102.83,96.9,77.18
2025-03-27,2026,120.75,104.02,96.99,77.98
2025-03-27,2027,120.76,97.29,98.03,77.3
2025-03-27,2025,116.54,102.6,90.29,79.29
2025-03-27,2028,121.81,94.0,99.3,76.49
2025-03-26,2026,120.85,103.92,96.99,77.82
2025-03-26,2027,121.07,97.29,98.03,77.25
2025-03-26,2025,116.18,101.61,90.29,79.19
2025-03-26,2028,121.81,94.0,99.3,76.49
2025-03-25,2027,121.07,97.75,98.03,76.38
2025-03-25,2028,121.81,94.75,99.3,76.49
2025-03-25,2026,121.3,104.34,96.99,78.14
2025-03-25,2025,116.5,102.29,90.29,79.62
2025-03-24,2028,121.81,95.25,99.3,76.49
2025-03-24,2026,122.74,105.5,96.99,78.94
2025-03-24,2027,122.0,97.88,98.03,76.38
2025-03-24,2025,117.97,102.99,90.29,80.82
2025-03-21,2025,116.72,100.49,89.88,80.63
2025-03-21,2027,121.77,97.9,98.03,76.31
2025-03-21,2026,122.5,104.4,96.99,78.94
2025-03-21,2028,121.63,94.99,99.3,76.49
2025-03-20,2026,121.72,103.69,96.99,78.19
2025-03-20,2027,121.2,97.26,98.03,76.15
2025-03-20,2025,115.92,99.64,89.88,80.01
2025-03-20,2028,121.47,94.08,99.3,76.0
2025-03-19,2028,121.28,94.0,99.3,75.79
2025-03-19,2025,115.54,98.85,89.66,79.5
2025-03-19,2026,121.7,103.37,96.0,77.76
2025-03-19,2027,121.03,96.52,98.03,75.57
2025-03-18,2027,120.88,96.36,97.9,75.25
2025-03-18,2028,121.13,94.0,99.3,75.5
2025-03-18,2025,115.38,98.49,89.2,79.19
2025-03-18,2026,121.52,103.39,95.34,77.35
2025-03-17,2028,120.75,93.1,99.3,75.25
2025-03-17,2026,120.94,102.8,95.34,76.71
2025-03-17,2027,119.99,95.39,97.9,74.59
2025-03-17,2025,114.46,97.48,89.1,78.61
2025-03-14,2027,119.68,95.39,97.9,74.4
2025-03-14,2025,113.65,96.94,88.83,78.26
2025-03-14,2026,120.51,103.29,95.34,76.34
2025-03-14,2028,120.75,92.75,99.3,75.0
2025-03-13,2025,112.67,95.72,88.51,77.7
2025-03-13,2027,119.75,95.1,97.9,74.5
2025-03-13,2028,120.75,92.75,99.3,74.84
2025-03-13,2026,120.33,102.6,95.59,76.11
2025-03-12,2027,119.78,95.29,97.9,74.7
2025-03-12,2026,120.64,102.75,95.59,76.43
2025-03-12,2025,113.06,96.39,88.51,78.09
2025-03-12,2028,120.6,92.95,99.3,74.78
2025-03-11,2025,112.25,95.59,88.51,77.18
2025-03-11,2026,119.94,101.84,95.59,75.67
2025-03-11,2027,119.33,95.0,97.9,74.28
2025-03-11,2028,120.4,92.95,99.3,74.39
2025-03-10,2027,119.17,95.0,97.9,73.5
2025-03-10,2028,120.4,92.95,99.3,74.25
2025-03-10,2026,119.51,101.95,95.59,75.06
2025-03-10,2025,111.97,96.09,88.51,76.76
2025-03-05,2028,120.4,93.0,99.81,74.0
2025-03-05,2027,119.25,94.5,99.06,73.35
2025-03-05,2026,120.67,102.0,95.64,76.0
2025-03-05,2025,113.6,98.08,88.51,76.44
2025-03-04,2028,120.27,92.5,99.81,74.0
2025-03-04,2027,118.75,93.77,99.06,73.07
2025-03-04,2025,113.67,97.0,88.51,76.14
2025-03-04,2026,120.5,101.86,95.64,75.77
2025-03-03,2028,120.5,92.45,99.81,74.0
2025-03-03,2026,119.51,101.54,96.12,75.21
2025-03-03,2027,117.75,93.58,99.68,73.04
2025-03-03,2025,111.22,96.58,88.51,75.26
2025-02-27,2027,117.37,93.76,100.0,73.34
2025-02-27,2025,110.78,96.77,88.7,76.84
2025-02-27,2028,120.5,92.52,99.81,74.0
2025-02-27,2026,118.77,101.27,96.87,75.7
2025-02-26,2025,113.43,98.5,88.7,77.69
2025-02-26,2027,118.3,94.39,100.0,73.34
2025-02-26,2026,120.24,102.18,96.87,75.7
2025-02-26,2028,120.99,93.5,99.81,74.24
2025-02-24,2025,114.31,98.54,88.7,75.16
2025-02-24,2027,118.3,94.75,100.03,72.5
2025-02-24,2026,120.43,102.38,96.87,74.75
2025-02-24,2028,120.99,93.7,99.81,73.83
2025-02-21,2026,120.92,103.32,96.87,74.55
2025-02-21,2028,120.99,93.7,99.81,73.7
2025-02-21,2027,118.3,95.1,100.03,72.85
2025-02-21,2025,115.93,100.36,88.7,74.73
2025-02-20,2028,120.99,94.25,99.81,73.7
2025-02-20,2026,120.68,103.31,96.87,74.69
2025-02-20,2025,115.39,100.11,89.06,75.35
2025-02-20,2027,118.3,94.8,100.03,72.79
2025-02-19,2025,115.01,100.19,89.44,74.93
2025-02-19,2026,120.34,102.92,96.87,74.58
2025-02-19,2027,118.1,95.0,100.03,72.75
2025-02-19,2028,120.99,94.25,99.81,73.7
2025-02-18,2028,120.45,94.25,99.81,73.7
2025-02-18,2026,119.29,102.73,96.87,74.05
2025-02-18,2027,117.08,95.1,100.03,72.25
2025-02-18,2025,114.16,99.87,89.44,74.35
2025-02-17,2025,114.99,100.24,89.68,73.57
2025-02-17,2027,117.5,95.56,100.65,71.91
2025-02-17,2028,120.45,94.5,99.81,73.5
2025-02-17,2026,119.89,102.79,96.87,73.49
2025-02-14,2027,118.68,96.43,100.65,72.08
2025-02-14,2026,120.62,103.93,97.0,73.8
2025-02-14,2025,117.03,102.72,89.72,73.87
2025-02-14,2028,120.87,95.0,99.81,73.92
2025-02-13,2025,116.98,101.98,90.08,73.99
2025-02-13,2027,118.81,96.3,100.65,72.0
2025-02-13,2028,121.0,95.5,99.81,73.92
2025-02-13,2026,120.47,103.56,97.0,73.59
2025-02-12,2025,118.97,103.19,90.67,75.57
2025-02-12,2026,122.12,104.75,97.0,73.94
2025-02-12,2028,123.02,96.0,99.81,74.16
2025-02-12,2027,120.72,96.68,100.65,72.0
2025-02-11,2027,121.51,96.61,101.21,72.09
2025-02-11,2025,120.59,103.97,92.88,77.79
2025-02-11,2026,122.96,105.5,98.28,73.98
2025-02-11,2028,123.02,96.15,99.81,74.43
2025-02-10,2028,123.97,96.37,99.81,74.18
2025-02-10,2026,123.69,105.5,98.78,74.46
2025-02-10,2027,122.84,96.88,101.48,72.25
2025-02-10,2025,121.76,104.78,95.72,79.24
2025-02-06,2027,123.07,96.88,101.5,72.35
2025-02-06,2028,123.97,96.37,99.81,74.11
2025-02-06,2026,124.33,106.0,98.79,74.35
2025-02-06,2025,123.19,107.83,97.1,79.12
2025-02-05,2027,123.14,96.8,101.5,72.35
2025-02-05,2025,124.75,110.1,98.23,80.51
2025-02-05,2026,124.35,105.96,99.42,74.77
2025-02-05,2028,123.97,96.37,99.81,74.11
2025-02-04,2026,124.71,106.49,99.92,74.67
2025-02-04,2025,126.64,112.99,98.65,80.78
2025-02-04,2027,123.26,96.91,101.5,72.49
2025-02-04,2028,123.97,96.75,99.81,73.99
2025-02-03,2028,123.97,97.59,99.81,73.99
2025-02-03,2027,123.43,97.75,101.5,72.99
2025-02-03,2025,126.86,115.04,98.65,83.35
2025-02-03,2026,125.19,107.33,99.92,75.35
2025-01-31,2028,123.97,97.59,99.81,73.66
2025-01-31,2025,126.08,113.19,99.44,83.26
2025-01-31,2027,123.43,97.75,101.5,73.45
2025-01-31,2026,125.0,106.75,99.92,76.64
2025-01-30,2026,123.7,106.15,101.0,76.32
2025-01-30,2025,124.8,111.83,100.37,83.51
2025-01-30,2028,123.23,97.59,99.81,72.96
2025-01-30,2027,122.25,97.5,101.5,73.14
2025-01-29,2025,123.76,111.04,100.87,83.6
2025-01-29,2027,121.81,97.5,101.5,72.84
2025-01-29,2026,122.82,105.75,101.0,76.01
2025-01-29,2028,123.23,97.59,99.81,72.5
2025-01-24,2027,122.02,98.75,101.5,72.1
2025-01-24,2025,127.21,116.3,100.99,80.41
2025-01-24,2028,123.23,99.5,99.81,72.06
2025-01-24,2026,123.17,106.5,101.0,75.0
2025-01-23,2025,127.69,118.59,101.49,80.05
2025-01-23,2026,123.33,106.96,101.0,74.93
2025-01-23,2028,123.23,99.5,99.81,72.06
2025-01-23,2027,122.07,98.94,101.5,71.85
2025-01-22,2028,123.15,99.75,99.81,72.06
2025-01-22,2026,122.89,105.25,101.0,74.61
2025-01-22,2027,121.51,98.0,101.5,71.79
2025-01-22,2025,127.01,114.67,100.99,79.37
2025-01-20,2025,128.27,117.54,101.11,80.09
2025-01-20,2027,120.98,99.25,102.4,71.8
2025-01-20,2026,122.4,106.46,102.18,75.09
2025-01-20,2028,123.15,99.75,99.81,72.06
2025-01-17,2025,129.72,117.58,101.11,80.21
2025-01-17,2028,123.15,99.75,99.81,72.06
2025-01-17,2026,123.17,106.76,102.18,75.15
2025-01-17,2027,121.62,99.77,102.4,71.73
2025-01-16,2026,122.63,106.32,102.18,75.15
2025-01-16,2027,121.62,99.25,102.4,71.38
2025-01-16,2025,128.41,116.07,101.11,78.85
2025-01-16,2028,123.15,99.5,99.81,72.06
2025-01-15,2027,123.47,100.45,102.4,71.38
2025-01-15,2026,124.84,108.0,102.18,75.33
2025-01-15,2025,132.84,118.14,101.11,80.29
2025-01-15,2028,123.83,99.5,99.81,72.06
2025-01-14,2028,123.83,99.5,99.81,72.06
2025-01-14,2026,124.77,108.01,102.18,75.46
2025-01-14,2025,131.02,118.41,101.24,80.42
2025-01-14,2027,123.47,100.45,102.4,71.38
2025-01-13,2027,123.5,100.72,102.4,71.38
2025-01-13,2028,124.69,99.5,99.81,72.06
2025-01-13,2025,131.13,118.13,101.8,80.97
2025-01-13,2026,125.07,108.22,102.18,75.5
2025-01-10,2025,133.49,118.78,102.36,83.16
2025-01-10,2027,123.5,100.75,102.4,71.38
2025-01-10,2026,125.74,108.75,102.18,75.93
2025-01-10,2028,124.69,99.25,99.69,72.06
2025-01-08,2026,125.16,107.27,102.18,75.1
2025-01-08,2025,132.16,117.06,102.35,81.91
2025-01-08,2027,123.53,99.47,102.4,71.0
2025-01-08,2028,124.69,99.25,98.94,72.44
2025-01-06,2026,125.0,106.78,102.94,75.25
2025-01-06,2027,124.15,99.8,102.4,70.75
2025-01-06,2028,124.69,99.25,98.94,72.44
2025-01-06,2025,132.73,117.35,104.57,81.42
2025-01-02,2027,124.77,100.31,102.4,70.75
2025-01-02,2025,138.84,123.56,106.5,85.29
2025-01-02,2026,127.25,108.48,102.94,76.4
2025-01-02,2028,124.69,99.25,98.94,72.44
2024-12-20,2027,121.26,97.05,102.4,71.5
2024-12-20,2025,131.18,118.09,107.1,83.08
2024-12-20,2028,124.0,96.18,98.94,72.44
2024-12-20,2026,122.75,103.73,102.94,74.67
2024-12-18,2028,124.0,96.18,98.94,72.5
2024-12-18,2025,133.86,121.3,107.76,82.94
2024-12-18,2026,122.22,104.62,102.94,74.45
2024-12-18,2027,121.0,97.75,102.4,71.5
2024-12-13,2027,124.67,98.5,102.4,71.73
2024-12-13,2028,124.67,97.25,98.94,72.5
2024-12-13,2026,124.89,107.5,102.94,76.18
2024-12-13,2025,140.16,125.88,108.69,86.04
2024-12-12,2025,140.75,127.57,108.69,85.91
2024-12-12,2028,124.67,97.25,98.94,72.5
2024-12-12,2027,125.73,99.25,102.4,71.66
2024-12-12,2026,126.75,109.13,102.94,76.2
2024-12-10,2026,124.93,106.65,102.66,75.28
2024-12-10,2027,124.44,97.54,102.15,71.07
2024-12-10,2028,124.0,96.5,98.94,72.0
2024-12-10,2025,136.26,121.98,108.45,83.24
2024-12-09,2028,123.0,95.22,98.94,71.25
2024-12-09,2026,123.44,104.2,102.66,74.44
2024-12-09,2025,132.27,117.0,108.45,81.95
2024-12-09,2027,123.03,95.77,102.15,70.36
2024-12-06,2027,121.5,95.04,102.15,69.41
2024-12-06,2028,123.0,95.0,98.94,70.85
2024-12-06,2025,130.47,114.32,108.3,80.56
2024-12-06,2026,121.5,102.9,102.66,73.56
2024-12-05,2028,123.0,95.0,98.94,70.85
2024-12-05,2027,121.5,95.04,102.15,69.41
2024-12-05,2025,129.54,113.12,108.3,80.33
2024-12-05,2026,121.16,102.06,102.66,73.52
2024-12-04,2028,123.0,94.45,98.94,70.85
2024-12-04,2027,120.74,94.0,102.15,69.95
2024-12-04,2026,119.5,100.66,103.23,73.26
2024-12-04,2025,127.87,111.58,107.68,79.49
2024-12-03,2026,119.47,100.73,103.34,73.59
2024-12-03,2028,123.0,94.45,98.32,71.36
2024-12-03,2025,128.59,111.44,107.91,79.97
2024-12-03,2027,122.5,93.94,102.15,70.0
2024-12-02,2028,123.0,94.0,96.83,71.22
2024-12-02,2027,122.52,93.75,102.15,70.15
2024-12-02,2025,129.0,110.94,107.91,79.44
2024-12-02,2026,119.75,100.0,103.34,73.57
2024-11-29,2026,120.96,100.15,104.0,73.65
2024-11-29,2025,129.83,111.19,108.36,79.57
2024-11-29,2028,123.0,94.81,96.83,71.72
2024-11-29,2027,123.42,94.5,102.15,70.82
2024-11-28,2025,130.5,111.08,108.36,80.36
2024-11-28,2027,123.82,94.06,102.15,70.95
2024-11-28,2026,121.24,99.97,104.0,73.75
2024-11-28,2028,123.0,94.25,96.83,71.6
2024-11-27,2027,123.74,94.06,102.15,70.86
2024-11-27,2025,131.75,111.95,108.36,81.73
2024-11-27,2026,121.93,99.97,104.0,74.2
2024-11-27,2028,123.0,94.25,96.83,73.59
2024-11-26,2027,125.25,94.23,102.15,71.75
2024-11-26,2028,123.0,95.76,96.83,74.74
2024-11-26,2025,134.24,115.52,108.68,83.69
2024-11-26,2026,125.25,103.4,105.37,75.52
2024-11-25,2025,136.63,117.27,106.68,83.63
2024-11-25,2026,125.99,104.81,105.37,75.69
2024-11-25,2027,125.25,95.1,102.15,71.52
2024-11-25,2028,122.25,95.76,96.83,74.93
2024-11-22,2026,123.97,103.86,105.37,74.35
2024-11-22,2027,123.82,94.4,102.15,70.5
2024-11-22,2025,131.5,114.3,106.68,80.99
2024-11-22,2028,122.25,95.64,96.83,76.37
2024-11-21,2025,130.75,113.0,106.68,80.08
2024-11-21,2028,122.25,95.64,96.83,76.37
2024-11-21,2026,123.75,103.31,105.37,73.81
2024-11-21,2027,123.58,94.7,102.15,70.5
2024-11-20,2025,131.0,112.29,105.5,80.02
2024-11-20,2027,123.52,95.0,102.15,70.5
2024-11-20,2028,122.25,95.64,96.83,76.37
2024-11-20,2026,123.99,103.61,103.97,73.81
2024-11-19,2026,122.16,102.39,103.4,72.94
2024-11-19,2027,122.37,94.44,102.15,69.57
2024-11-19,2028,120.78,95.25,96.83,76.37
2024-11-19,2025,127.67,110.51,104.64,78.32
2024-11-15,2026,120.5,101.14,102.95,71.8
2024-11-15,2025,123.68,107.94,104.0,75.72
2024-11-15,2028,120.5,95.75,96.83,76.37
2024-11-15,2027,121.9,94.95,102.15,68.75
2024-11-14,2028,120.5,,,
2024-11-14,2025,125.32,,,
2024-11-14,2027,122.0,,,
2024-11-14,2026,121.34,,,
2024-11-13,2028,120.5,95.75,96.83,75.72
2024-11-13,2025,125.13,109.5,103.05,74.97
2024-11-13,2027,122.0,96.25,102.15,68.57
2024-11-13,2026,121.52,102.22,103.41,71.2
2024-11-12,2026,119.75,101.0,103.41,70.26
2024-11-12,2028,120.5,95.75,96.83,75.72
2024-11-12,2027,121.18,95.5,102.15,68.57
2024-11-12,2025,121.52,107.35,101.06,73.24
2024-11-11,2026,120.57,101.29,101.33,70.69
2024-11-11,2027,121.29,96.0,101.04,68.56
2024-11-11,2025,122.04,108.65,101.06,73.36
2024-11-11,2028,120.5,95.75,96.83,75.72
2024-11-10,2026,120.57,,,
2024-11-10,2028,120.5,,,
2024-11-10,2025,122.04,,,
2024-11-10,2027,121.29,,,
2024-11-08,2026,118.75,100.15,101.33,70.45
2024-11-08,2027,121.25,95.5,101.04,68.44
2024-11-08,2025,118.45,105.25,101.06,72.75
2024-11-08,2028,120.5,95.75,96.83,75.72
2024-11-07,2025,120.0,106.0,101.06,72.75
2024-11-07,2027,121.25,96.5,101.04,68.44
2024-11-07,2028,120.5,95.75,96.83,75.72
2024-11-07,2026,119.65,100.5,101.33,70.45
2024-11-06,2026,120.5,101.59,101.33,70.39
2024-11-06,2027,121.5,96.85,101.04,68.44
2024-11-06,2028,120.5,96.0,96.83,75.72
2024-11-06,2025,120.83,107.28,101.06,72.84
2024-11-05,2026,121.71,102.31,101.33,71.0
2024-11-05,2025,120.85,108.09,101.06,73.62
2024-11-05,2028,120.5,96.0,96.83,75.72
2024-11-05,2027,121.5,96.85,101.04,68.44
2024-11-04,2027,120.84,96.25,101.04,68.29
2024-11-04,2026,120.96,101.93,101.33,70.96
2024-11-04,2028,120.0,95.05,96.83,75.72
2024-11-04,2025,120.78,108.0,101.06,73.43
2024-11-02,2026,120.96,101.93,101.33,70.96
2024-11-02,2028,120.0,95.05,96.83,75.72
2024-11-02,2025,120.78,108.0,101.06,73.43
2024-11-02,2027,120.84,96.25,101.04,68.29
2024-11-01,2026,119.99,100.75,101.33,70.33
2024-11-01,2028,119.4,94.0,96.83,75.72
2024-11-01,2027,119.56,95.56,101.04,67.85
2024-11-01,2025,119.74,107.28,101.06,72.98
2024-10-31,2025,118.4,106.0,101.06,72.61
2024-10-31,2028,119.4,92.71,96.83,75.72
2024-10-31,2026,118.9,99.62,101.33,69.97
2024-10-31,2027,119.04,94.52,101.04,67.85
2024-10-30,2026,118.9,99.5,101.33,69.97
2024-10-30,2027,119.0,93.88,101.04,67.85
2024-10-30,2025,118.28,105.11,101.06,72.49
2024-10-30,2028,119.4,92.71,96.83,75.72
2024-10-29,2027,118.82,93.88,101.04,67.85
2024-10-29,2028,119.4,92.71,96.83,75.72
2024-10-29,2026,119.29,99.67,101.33,69.92
2024-10-29,2025,118.61,104.82,101.06,72.59
2024-10-28,2026,118.5,99.25,101.33,69.7
2024-10-28,2027,118.46,93.61,101.04,67.65
2024-10-28,2025,117.66,103.71,101.06,72.09
2024-10-28,2028,119.4,92.48,96.83,75.72
2024-10-25,2028,119.4,92.2,96.83,75.72
2024-10-25,2025,117.34,103.13,101.06,71.47
2024-10-25,2026,118.71,98.81,101.33,69.5
2024-10-25,2027,118.46,93.15,101.04,67.5
2024-10-24,2026,118.5,99.13,101.33,69.5
2024-10-24,2027,118.46,93.15,101.04,67.5
2024-10-24,2028,119.4,92.2,96.83,75.72
2024-10-24,2025,117.13,103.67,101.06,70.85
2024-10-23,2025,117.4,104.36,101.06,70.98
2024-10-23,2026,118.95,99.81,101.33,69.5
2024-10-23,2027,118.46,93.25,101.04,67.5
2024-10-23,2028,119.4,92.19,96.83,75.72
2024-10-22,2027,118.35,93.2,101.04,66.53
2024-10-22,2028,119.4,92.19,96.83,75.72
2024-10-22,2025,116.41,104.2,101.06,70.8
2024-10-22,2026,118.7,99.56,101.33,69.5
2024-10-20,2028,119.4,92.19,96.83,75.72
2024-10-20,2026,118.0,99.34,101.33,68.78
2024-10-20,2027,117.93,93.2,101.04,66.4
2024-10-20,2025,115.68,103.05,101.06,69.97
2024-10-17,2027,117.6,92.95,101.04,66.23
2024-10-17,2028,119.33,92.19,96.83,75.72
2024-10-17,2026,117.58,98.78,103.0,67.72
2024-10-17,2025,114.86,100.97,103.13,68.08
2024-10-14,2028,119.34,92.01,96.83,74.46
2024-10-14,2027,117.6,92.8,101.04,66.23
2024-10-14,2025,112.91,100.72,103.5,68.59
2024-10-14,2026,116.02,98.39,103.0,67.65
2024-10-09,2027,117.5,92.8,101.04,66.23
2024-10-09,2026,116.08,98.36,103.5,69.0
2024-10-09,2028,119.34,92.01,96.83,74.46
2024-10-09,2025,113.05,101.04,104.0,71.2
2024-10-08,2026,116.22,98.41,103.5,69.56
2024-10-08,2025,113.48,102.03,104.01,72.04
2024-10-08,2028,119.34,92.01,96.83,73.96
2024-10-08,2027,117.72,92.8,101.04,66.23
2024-10-07,2028,119.34,92.01,96.83,73.2
2024-10-07,2027,117.9,92.8,101.04,66.23
2024-10-07,2026,116.58,98.48,103.5,69.84
2024-10-07,2025,114.55,103.54,104.01,72.7
2024-10-02,2028,117.96,92.61,101.04,66.23
2024-10-02,2025,114.56,101.66,104.01,73.08
2024-10-02,2026,115.84,97.97,103.5,69.47
2024-10-02,2027,117.96,92.61,101.04,66.23
2024-09-30,2026,117.61,98.0,103.5,69.0
2024-09-30,2025,117.29,101.86,104.01,73.27
2024-09-30,2027,118.73,92.61,101.04,66.23
2024-09-27,2025,118.58,103.86,104.01,73.97
2024-09-27,2026,118.66,99.0,103.5,69.17
2024-09-27,2027,119.0,92.77,101.04,66.23
2024-09-26,2026,119.0,99.58,103.5,69.17
2024-09-26,2027,119.0,92.77,101.04,66.23
2024-09-26,2025,119.14,103.82,103.92,74.09
2024-09-25,2027,119.0,92.66,101.04,66.23
2024-09-25,2026,119.0,99.47,103.5,68.95
2024-09-25,2025,118.22,103.16,103.92,73.16
2024-09-23,2026,119.29,98.79,103.5,68.75
2024-09-23,2025,119.0,103.54,103.23,72.68
2024-09-23,2027,119.75,92.75,101.04,66.23
2024-09-20,2027,119.75,92.75,101.04,66.23
2024-09-20,2026,118.69,98.67,103.5,68.4
2024-09-20,2025,118.09,103.31,103.23,72.27
2024-09-19,2027,119.75,92.75,101.04,66.5
2024-09-19,2026,118.56,98.08,103.5,68.09
2024-09-19,2025,116.88,101.68,103.23,71.72
2024-09-18,2027,120.0,92.75,101.04,66.5
2024-09-18,2026,118.38,97.96,103.5,67.75
2024-09-18,2025,116.54,101.25,103.29,71.47
2024-09-17,2026,118.85,98.27,103.5,67.75
2024-09-17,2027,120.5,93.55,101.04,67.25
2024-09-17,2025,117.65,102.23,103.35,71.84
2024-09-16,2025,119.33,104.25,103.47,72.55
2024-09-16,2026,119.12,98.86,103.5,68.88
2024-09-16,2027,121.0,93.55,101.04,67.76
2024-09-13,2027,121.0,93.55,101.04,67.76
2024-09-13,2026,119.84,98.86,103.5,69.13
2024-09-13,2025,121.26,106.1,103.93,73.2
2024-09-12,2026,121.25,99.31,103.5,69.75
2024-09-12,2025,123.0,108.09,103.93,74.25
2024-09-12,2027,121.75,93.57,101.04,67.76
2024-09-11,2026,121.1,99.68,103.5,70.61
2024-09-11,2025,122.81,108.0,103.93,74.96
2024-09-11,2027,120.75,93.57,101.04,67.76
2024-09-06,2027,117.25,92.26,101.04,67.36
2024-09-06,2025,118.09,103.47,104.9,73.84
2024-09-06,2026,117.14,96.89,103.76,69.08
2024-09-05,2026,116.75,96.53,103.88,69.08
2024-09-05,2027,115.71,92.25,101.04,67.36
2024-09-05,2025,117.65,102.69,105.15,73.25
2024-09-04,2027,115.42,91.7,101.04,67.39
2024-09-04,2026,116.0,95.93,103.88,68.36
2024-09-04,2025,116.84,101.86,105.15,72.49
2024-09-03,2026,115.4,95.59,103.88,68.36
2024-09-03,2025,115.86,100.9,105.15,71.78
2024-09-03,2027,115.42,91.7,101.04,67.39
2024-09-02,2025,116.96,102.14,105.38,72.22
2024-09-02,2026,115.47,96.26,103.88,68.51
2024-09-02,2027,115.5,91.7,101.04,67.39
2024-08-30,2026,115.86,96.76,103.88,69.04
2024-08-30,2027,115.5,91.7,101.04,67.39
2024-08-30,2025,118.15,103.74,105.38,73.13
2024-08-28,2025,117.66,102.57,105.38,72.48
2024-08-28,2027,115.5,91.7,101.04,67.39
2024-08-28,2026,115.55,96.6,103.88,69.12
2024-08-27,2027,115.25,91.15,101.04,67.39
2024-08-27,2026,114.84,96.26,103.88,69.12
2024-08-27,2025,116.46,101.73,105.38,72.15
2024-08-26,2027,114.25,91.15,101.04,67.39
2024-08-26,2025,114.48,99.38,105.38,70.56
2024-08-26,2026,114.46,94.81,103.88,68.1
2024-08-23,2026,114.4,95.13,103.88,68.1
2024-08-23,2027,113.2,91.23,101.04,67.39
2024-08-23,2025,114.25,99.1,105.38,70.89
2024-08-22,2027,114.6,91.23,101.04,67.5
2024-08-22,2025,115.12,99.32,106.41,70.75
2024-08-22,2026,114.9,95.19,103.88,68.14
2024-08-21,2025,116.13,100.25,106.41,71.56
2024-08-21,2027,115.98,91.47,101.04,67.5
2024-08-21,2026,116.0,95.29,103.88,68.27
2024-08-20,2027,118.29,91.59,101.04,68.0
2024-08-20,2025,117.25,101.0,106.41,71.5
2024-08-20,2026,116.5,95.5,103.88,68.08
2024-08-19,2027,120.36,92.23,101.04,68.0
2024-08-19,2025,119.7,101.84,106.41,71.63
2024-08-19,2026,118.62,96.74,103.88,68.53
2024-08-16,2025,121.96,103.62,106.41,73.04
2024-08-16,2027,121.49,92.72,101.79,69.25
2024-08-16,2026,120.68,97.39,104.18,68.97
2024-08-15,2025,121.11,103.72,106.41,72.92
2024-08-15,2027,121.31,92.72,101.79,69.25
2024-08-15,2026,120.25,97.3,104.18,69.02
2024-08-14,2025,122.0,103.75,106.41,72.64
2024-08-14,2026,120.78,97.26,104.18,69.96
2024-08-14,2027,121.39,92.72,101.79,70.76
2024-08-13,2026,122.0,97.58,104.18,71.33
2024-08-13,2025,123.35,105.18,106.41,73.6
2024-08-13,2027,122.0,92.88,101.79,70.76
2024-08-12,2025,124.5,106.27,106.61,74.03
2024-08-12,2027,122.0,93.0,101.79,70.76
2024-08-12,2026,122.83,97.61,104.18,71.34
2024-08-09,2026,122.85,98.11,104.31,71.34
2024-08-09,2025,125.44,106.98,106.72,75.86
2024-08-09,2027,122.0,93.36,101.79,70.76
2024-08-08,2026,121.69,97.5,104.31,70.99
2024-08-08,2025,123.46,105.21,106.72,74.67
2024-08-08,2027,121.24,93.0,101.79,70.76
2024-08-07,2026,123.0,98.77,104.06,70.99
2024-08-07,2027,122.94,93.48,101.42,70.76
2024-08-07,2025,124.93,106.08,106.72,76.11
2024-08-06,2027,123.75,93.7,101.23,70.76
2024-08-06,2025,127.32,107.96,106.84,78.72
2024-08-06,2026,124.14,100.05,103.94,72.0
2024-08-05,2025,126.24,107.0,106.84,78.71
2024-08-05,2027,122.45,93.49,101.23,70.95
2024-08-05,2026,123.25,99.21,102.96,71.4
2024-08-02,2026,122.06,97.96,102.96,70.0
2024-08-02,2027,121.45,93.36,101.23,70.5
2024-08-02,2025,124.0,105.38,106.84,77.0
2024-08-01,2025,124.56,106.38,106.84,78.12
2024-08-01,2027,121.45,93.36,101.23,70.75
2024-08-01,2026,122.06,98.65,102.96,70.0
2024-07-31,2025,123.38,105.5,106.84,77.35
2024-07-31,2027,121.0,93.3,101.23,71.4
2024-07-31,2026,121.38,98.23,102.96,69.68
2024-07-30,2025,122.0,104.22,105.9,76.36
2024-07-30,2026,120.81,97.42,103.45,69.55
2024-07-30,2027,119.51,93.3,101.23,71.4
2024-07-29,2027,120.84,93.92,101.23,71.4
2024-07-29,2026,121.25,98.0,103.45,70.24
2024-07-29,2025,122.79,104.58,106.84,76.81
2024-07-26,2027,120.84,94.12,101.23,71.4
2024-07-26,2025,123.08,104.78,106.84,76.87
2024-07-26,2026,121.94,98.25,103.45,70.17
2024-07-25,2027,120.84,94.12,101.23,71.4
2024-07-25,2026,121.94,98.37,103.45,70.17
2024-07-25,2025,122.96,104.93,106.84,76.81
2024-07-24,2026,122.01,98.3,103.45,69.88
2024-07-24,2025,123.87,105.12,107.33,76.16
2024-07-24,2027,120.6,94.12,101.23,71.4
2024-07-23,2027,120.6,94.0,101.25,71.44
2024-07-23,2026,121.39,97.92,103.45,70.73
2024-07-23,2025,123.58,104.75,108.33,75.22
2024-07-22,2027,119.0,94.0,101.25,71.44
2024-07-22,2025,122.02,103.64,111.25,76.14
2024-07-22,2026,120.0,96.97,104.04,71.35
2024-07-19,2025,121.94,102.48,113.66,76.87
2024-07-19,2027,119.37,94.5,102.02,71.5
2024-07-19,2026,119.75,97.52,106.77,73.22
2024-07-18,2026,119.0,97.52,106.77,73.22
2024-07-18,2025,121.57,102.73,113.66,76.46
2024-07-18,2027,123.58,96.23,102.02,71.55
2024-07-17,2027,123.58,96.23,102.64,71.55
2024-07-17,2026,119.44,97.82,107.15,74.06
2024-07-17,2025,122.84,103.83,113.66,77.95
2024-07-15,2026,121.84,99.84,105.28,75.33
2024-07-15,2025,124.85,105.64,115.48,80.91
2024-07-15,2027,125.2,96.23,100.51,71.55
2024-07-12,2025,127.04,107.06,115.48,83.05
2024-07-12,2027,125.57,96.23,100.51,71.55
2024-07-12,2026,123.37,99.98,105.28,75.33
2024-07-11,2025,127.74,107.83,115.48,83.41
2024-07-11,2027,126.08,96.23,100.51,71.55
2024-07-11,2026,124.92,99.98,105.28,75.79
2024-07-10,2026,125.38,100.34,105.28,75.58
2024-07-10,2025,127.5,108.03,115.48,83.28
2024-07-10,2027,127.11,97.0,100.51,71.55
2024-07-09,2025,128.47,109.22,115.48,83.23
2024-07-09,2026,125.97,100.75,105.28,75.58
2024-07-09,2027,127.11,98.0,100.51,71.55
2024-07-08,2027,127.02,97.5,100.51,71.42
2024-07-08,2025,126.74,107.49,115.48,82.6
2024-07-08,2026,125.0,99.92,105.28,75.5
2024-07-05,2027,128.5,97.25,100.51,71.17
2024-07-05,2025,124.35,105.07,115.48,81.64
2024-07-05,2026,123.53,98.21,105.28,74.5
2024-07-04,2026,124.98,98.55,105.28,74.85
2024-07-04,2025,125.45,105.69,115.48,82.41
2024-07-04,2027,128.8,97.25,100.51,71.17
2024-07-03,2027,129.37,99.44,100.51,71.11
2024-07-03,2026,124.5,99.58,105.28,74.28
2024-07-03,2025,124.81,106.09,115.48,81.72
2024-07-02,2025,124.72,107.22,116.73,81.51
2024-07-02,2027,130.0,99.44,100.51,71.11
2024-07-02,2026,125.0,100.64,105.28,73.95
2024-07-01,2026,127.5,103.0,105.28,75.37
2024-07-01,2025,127.24,109.36,116.73,82.56
2024-07-01,2027,130.0,99.44,100.51,71.2
2024-06-28,2027,130.9,99.75,98.94,71.09
2024-06-28,2025,130.39,112.11,116.73,84.37
2024-06-28,2026,130.98,103.38,104.0,76.0
2024-06-27,2027,131.38,99.75,98.94,71.09
2024-06-27,2025,131.72,112.43,116.0,84.57
2024-06-27,2026,131.66,104.0,104.0,76.29
2024-06-26,2025,133.32,112.79,116.0,84.69
2024-06-26,2027,132.5,99.75,98.94,71.35
2024-06-26,2026,133.5,104.26,104.0,76.4
2024-06-25,2027,132.5,100.12,98.94,71.35
2024-06-25,2026,134.0,104.4,104.0,77.06
2024-06-25,2025,134.77,114.16,116.0,86.12
2024-06-24,2027,132.5,100.07,98.94,71.0
2024-06-24,2026,132.32,103.85,104.0,76.35
2024-06-24,2025,133.24,112.48,114.64,84.12
2024-06-21,2026,130.12,102.0,98.98,75.11
2024-06-21,2027,130.94,100.0,96.43,70.62
2024-06-21,2025,129.9,109.62,114.64,82.35
2024-06-20,2025,129.0,107.86,114.64,81.18
2024-06-20,2027,131.0,100.0,96.43,70.24
2024-06-20,2026,130.0,100.29,98.98,74.64
2024-06-19,2026,129.62,100.94,98.98,73.51
2024-06-19,2027,131.25,101.89,96.43,70.05
2024-06-19,2025,128.4,107.33,114.65,79.34
2024-06-18,2025,132.33,110.0,114.65,82.85
2024-06-18,2026,133.8,103.0,98.98,76.79
2024-06-18,2027,134.31,103.5,96.43,73.5
2024-06-17,2025,134.53,112.43,114.65,84.56
2024-06-17,2027,134.88,103.95,88.47,74.75
2024-06-17,2026,135.6,103.97,95.89,78.38
2024-06-14,2026,137.19,105.75,95.89,79.25
2024-06-14,2027,135.92,103.95,88.47,75.27
2024-06-14,2025,136.88,113.0,114.65,85.91
2024-06-13,2026,138.9,106.06,95.89,80.46
2024-06-13,2025,138.92,114.23,115.21,86.19
2024-06-13,2027,136.67,103.8,88.47,75.25
2024-06-12,2026,139.03,107.46,95.82,80.15
2024-06-12,2027,136.67,103.8,88.35,75.25
2024-06-12,2025,139.63,114.72,114.75,85.97
2024-06-11,2027,136.67,103.77,88.35,74.61
2024-06-11,2026,137.73,107.46,95.82,79.66
2024-06-11,2025,137.7,113.61,114.75,84.24
2024-06-07,2025,134.38,110.22,113.7,81.57
2024-06-07,2027,135.14,102.25,88.22,74.0
2024-06-07,2026,135.0,105.84,95.57,78.0
2024-06-06,2027,134.94,102.45,88.22,73.75
2024-06-06,2025,132.48,109.22,113.7,80.46
2024-06-06,2026,133.82,105.69,95.57,78.38
2024-06-05,2026,133.82,105.33,95.09,78.47
2024-06-05,2025,132.33,109.0,113.7,79.75
2024-06-05,2027,135.0,102.59,88.21,74.0
2024-06-04,2025,135.0,111.05,115.02,80.67
2024-06-04,2026,136.0,105.95,95.09,78.96
2024-06-04,2027,136.59,103.0,88.21,74.25
2024-06-03,2025,136.5,111.5,115.02,81.5
2024-06-03,2027,136.56,103.95,88.16,74.25
2024-06-03,2026,136.84,106.12,94.47,78.55
2024-05-31,2026,136.01,103.36,94.33,77.98
2024-05-31,2027,133.06,100.5,87.85,72.98
2024-05-31,2025,136.38,111.53,115.0,81.25
2024-05-30,2027,131.57,97.69,87.85,72.25
2024-05-30,2026,132.5,101.1,94.33,76.84
2024-05-30,2025,132.69,108.73,113.0,79.46
2024-05-29,2027,125.5,95.0,87.85,69.69
2024-05-29,2026,129.88,99.23,94.33,75.72
2024-05-29,2025,130.47,106.74,113.0,78.18
2024-05-28,2025,128.29,105.04,112.03,76.75
2024-05-28,2027,123.6,93.75,87.85,68.75
2024-05-28,2026,128.5,98.5,94.33,75.12
2024-05-27,2027,122.5,93.04,87.85,67.64
2024-05-27,2025,125.5,102.75,111.04,75.72
2024-05-27,2026,126.6,97.06,93.32,74.41
2024-05-24,2027,119.59,92.5,87.85,67.73
2024-05-24,2025,123.55,101.0,111.04,74.71
2024-05-24,2026,125.75,96.0,93.32,73.87
2024-05-23,2027,119.59,92.5,87.85,67.79
2024-05-23,2025,125.72,102.25,111.04,76.61
2024-05-23,2026,126.75,97.68,93.32,75.36
2024-05-22,2027,117.47,90.51,87.36,67.0
2024-05-22,2025,125.37,102.63,110.0,76.57
2024-05-22,2026,121.63,95.8,92.24,73.4
2024-05-21,2026,121.9,95.8,92.24,73.96
2024-05-21,2025,128.86,103.7,110.0,77.88
2024-05-21,2027,117.5,90.51,87.36,67.0
2024-05-20,2025,125.59,102.74,109.0,77.56
2024-05-20,2027,116.44,90.51,87.36,67.0
2024-05-20,2026,119.5,94.89,92.24,74.23
2024-05-17,2027,116.44,90.51,87.36,67.28
2024-05-17,2026,119.5,94.5,92.24,74.0
2024-05-17,2025,124.16,100.62,105.0,76.5
2024-05-16,2026,118.5,93.95,92.24,73.46
2024-05-16,2025,118.25,97.75,105.0,73.9
2024-05-16,2027,116.44,89.92,87.36,67.28
2024-05-15,2025,123.07,101.53,105.0,77.35
2024-05-15,2026,122.0,95.25,92.24,74.06
2024-05-15,2027,116.72,90.0,87.36,67.28
2024-05-14,2027,116.72,90.4,87.36,67.79
2024-05-14,2025,128.48,105.77,105.0,80.78
2024-05-14,2026,125.0,96.25,92.24,74.45
2024-05-13,2026,120.47,94.8,92.0,74.0
2024-05-13,2025,124.84,102.88,100.1,79.58
2024-05-13,2027,111.0,89.45,87.11,66.42
2024-05-10,2026,115.24,92.5,85.36,72.0
2024-05-10,2025,118.13,99.56,95.0,75.59
2024-05-10,2027,108.05,89.45,85.02,64.5
2024-05-09,2026,112.7,91.65,85.11,70.66
2024-05-09,2025,114.45,96.96,89.2,73.64
2024-05-09,2027,107.46,89.58,84.65,63.0
2024-05-08,2027,107.31,89.56,84.53,62.34
2024-05-08,2025,112.27,96.0,89.2,71.53
2024-05-08,2026,110.47,91.16,85.11,68.53
2024-05-07,2027,107.29,89.34,84.53,62.34
2024-05-07,2026,106.88,90.73,85.11,67.12
2024-05-07,2025,107.26,94.75,89.2,69.84
2024-05-06,2027,107.75,89.34,84.53,62.34
2024-05-06,2025,108.23,95.61,89.2,70.05
2024-05-06,2026,107.57,90.99,85.11,67.18
2024-05-03,2027,108.5,89.34,84.53,62.34
2024-05-03,2025,108.47,95.85,89.2,70.1
2024-05-03,2026,107.42,90.99,85.11,67.48
2024-05-02,2026,107.0,90.77,85.11,67.68
2024-05-02,2027,108.5,89.59,84.53,62.34
2024-05-02,2025,107.69,95.46,89.2,70.22
2024-05-01,2027,108.5,90.0,84.53,62.34
2024-05-01,2026,107.71,91.25,85.11,67.93
2024-05-01,2025,107.56,95.35,89.2,70.45
2024-04-30,2025,109.54,97.5,89.2,72.17
2024-04-30,2027,110.45,90.5,84.53,62.34
2024-04-30,2026,110.13,93.26,85.11,68.73
2024-04-29,2026,113.75,95.11,85.11,69.04
2024-04-29,2025,112.04,99.27,89.2,74.42
2024-04-29,2027,113.5,91.62,84.53,62.77
2024-04-26,2027,113.5,91.44,84.53,62.77
2024-04-26,2026,113.49,94.96,84.8,68.73
2024-04-26,2025,111.87,98.9,88.95,74.18
2024-04-24,2027,113.5,91.24,84.53,62.58
2024-04-24,2026,113.23,94.75,84.8,68.5
2024-04-24,2025,111.08,98.17,88.95,73.44
2024-04-23,2025,111.95,99.0,88.95,73.78
2024-04-23,2027,113.5,91.24,84.53,64.0
2024-04-23,2026,113.39,94.75,84.8,68.5
2024-04-22,2027,111.33,90.44,84.53,63.34
2024-04-22,2025,110.32,96.68,88.95,72.36
2024-04-22,2026,112.25,93.93,84.8,67.55
2024-04-16,2026,111.25,93.89,84.8,69.0
2024-04-16,2027,111.37,90.26,84.53,64.0
2024-04-16,2025,109.24,95.93,88.33,71.72
2024-04-15,2027,110.78,89.87,84.41,64.25
2024-04-15,2026,111.0,94.01,84.78,69.3
2024-04-15,2025,110.08,97.02,87.71,72.69
2024-04-12,2025,107.7,95.81,87.34,69.99
2024-04-12,2027,110.48,89.19,84.03,63.39
2024-04-12,2026,108.8,92.52,84.24,68.26
2024-04-11,2027,110.48,89.01,83.95,63.0
2024-04-11,2026,108.17,92.32,83.4,67.7
2024-04-11,2025,106.25,95.13,87.14,69.16
2024-04-10,2027,110.42,88.98,83.95,62.6
2024-04-10,2026,106.75,91.85,83.37,67.02
2024-04-10,2025,104.63,94.21,87.14,68.2
2024-04-09,2025,105.06,94.89,86.25,67.84
2024-04-09,2027,110.42,88.5,83.95,61.25
2024-04-09,2026,106.75,92.0,83.37,66.9
2024-04-08,2025,105.24,95.06,85.0,68.14
2024-04-08,2026,106.75,92.0,81.74,67.29
2024-04-08,2027,110.42,88.5,83.69,61.5
2024-04-05,2027,109.79,87.25,83.69,60.51
2024-04-05,2026,105.44,90.93,81.74,65.0
2024-04-05,2025,104.15,93.0,84.63,65.95
2024-04-04,2025,102.9,91.0,84.63,64.66
2024-04-04,2027,109.6,86.11,83.69,60.27
2024-04-04,2026,104.35,88.85,81.74,63.88
2024-04-03,2026,104.1,87.47,81.74,63.52
2024-04-03,2027,109.6,85.62,83.69,59.86
2024-04-03,2025,102.14,88.96,84.63,64.25
2024-04-02,2025,101.55,88.15,84.63,63.73
2024-04-02,2027,109.36,85.31,83.69,58.96
2024-04-02,2026,103.63,87.14,81.74,62.48
2024-03-28,2027,109.36,85.31,83.69,59.28
2024-03-28,2024,90.52,89.38,74.03,58.68
2024-03-28,2026,103.52,87.54,81.74,62.77
2024-03-28,2025,101.33,88.75,84.63,64.19
2024-03-27,2025,101.17,88.26,84.63,64.25
2024-03-27,2024,90.25,88.99,74.03,58.62
2024-03-27,2026,103.52,87.35,81.74,62.77
2024-03-27,2027,109.36,85.31,83.69,59.28
2024-03-26,2024,89.77,88.5,74.03,58.15
2024-03-26,2026,103.22,87.29,81.74,62.58
2024-03-26,2025,100.67,88.03,84.63,64.12
2024-03-26,2027,109.36,85.31,83.69,59.28
2024-03-25,2027,109.36,85.31,83.69,59.28
2024-03-25,2026,103.55,87.54,81.74,62.58
2024-03-25,2025,100.7,88.04,84.63,64.32
2024-03-25,2024,90.02,88.59,74.03,58.12
2024-03-22,2027,109.36,85.31,83.69,59.78
2024-03-22,2026,103.59,87.54,81.97,63.2
2024-03-22,2025,101.71,89.08,84.63,65.52
2024-03-22,2024,90.89,89.07,74.03,59.12
2024-03-21,2027,109.42,85.31,83.69,59.78
2024-03-21,2026,104.67,87.8,81.97,63.2
2024-03-21,2024,92.48,90.29,73.32,60.9
2024-03-21,2025,102.92,90.38,84.63,66.44
2024-03-20,2027,109.42,84.94,83.04,59.19
2024-03-20,2024,92.32,90.0,73.32,60.68
2024-03-20,2025,102.31,90.32,83.46,65.73
2024-03-20,2026,103.19,86.75,81.02,62.84
2024-03-18,2024,91.39,88.6,73.32,60.32
2024-03-18,2027,108.55,84.32,82.92,58.5
2024-03-18,2025,99.28,87.7,83.46,64.01
2024-03-18,2026,101.19,85.25,80.05,60.82
2024-03-15,2025,98.57,87.11,83.46,63.01
2024-03-15,2026,100.89,85.12,80.05,59.86
2024-03-15,2027,108.5,84.26,83.0,58.25
2024-03-15,2024,91.06,88.51,72.57,59.47
2024-03-14,2027,108.5,84.26,83.0,58.0
2024-03-14,2026,100.5,84.8,80.11,59.22
2024-03-14,2025,97.88,86.4,83.46,62.42
2024-03-14,2024,90.42,87.93,72.57,58.67
2024-03-13,2026,100.63,84.72,78.86,58.0
2024-03-13,2027,108.5,84.26,82.38,57.47
2024-03-13,2025,97.85,86.67,83.15,61.9
2024-03-13,2024,90.19,88.5,72.57,58.55
2024-03-12,2025,98.29,87.19,83.15,61.97
2024-03-12,2027,108.5,84.26,82.38,57.47
2024-03-12,2026,101.0,84.62,78.86,58.0
2024-03-12,2024,91.11,89.82,72.57,58.8
2024-03-11,2024,92.14,90.74,72.57,59.3
2024-03-11,2027,109.5,84.26,82.36,57.42
2024-03-11,2025,98.7,87.52,83.03,62.17
2024-03-11,2026,101.94,84.99,78.81,57.75
2024-03-08,2025,98.82,87.57,83.03,62.27
2024-03-08,2024,92.11,91.46,72.57,59.31
2024-03-08,2026,101.94,85.3,78.81,58.04
2024-03-08,2027,109.68,84.26,82.36,57.42
2024-03-07,2025,98.76,87.69,82.9,61.89
2024-03-07,2026,101.94,85.18,78.81,57.93
2024-03-07,2024,92.52,91.68,72.57,58.77
2024-03-07,2027,109.68,84.26,82.36,57.24
2024-03-06,2025,98.75,87.39,82.66,61.57
2024-03-06,2024,91.7,91.62,72.57,58.51
2024-03-06,2027,109.85,84.2,82.36,57.4
2024-03-06,2026,103.86,85.5,78.81,57.97
2024-03-05,2025,98.4,87.08,82.66,60.95
2024-03-05,2026,103.96,85.49,78.81,57.2
2024-03-05,2027,109.85,84.2,82.36,57.18
2024-03-05,2024,91.3,91.37,72.08,57.37
2024-03-04,2027,109.85,84.2,82.36,56.74
2024-03-04,2026,105.0,85.95,78.81,56.41
2024-03-04,2024,90.99,90.55,71.64,56.76
2024-03-04,2025,97.83,86.9,81.93,60.32
2024-03-01,2026,105.22,85.95,79.0,56.5
2024-03-01,2027,109.85,84.2,82.36,57.5
2024-03-01,2025,98.42,87.22,81.87,60.47
2024-03-01,2024,91.3,90.93,71.64,56.71
2024-02-29,2027,109.85,84.2,83.0,57.5
2024-02-29,2026,105.04,85.95,79.53,56.98
2024-02-29,2024,92.28,92.27,71.64,56.94
2024-02-29,2025,99.02,88.23,81.78,60.81
2024-02-28,2027,109.85,84.2,83.0,57.5
2024-02-28,2025,99.74,88.64,81.78,61.47
2024-02-28,2024,92.36,92.58,71.64,57.37
2024-02-28,2026,105.13,86.16,80.0,57.4
2024-02-27,2027,109.85,84.2,83.4,57.5
2024-02-27,2026,105.27,86.37,80.41,57.5
2024-02-27,2024,95.07,95.06,71.64,58.68
2024-02-27,2025,100.95,89.93,81.78,62.1
2024-02-26,2024,92.47,92.7,71.16,57.26
2024-02-26,2026,105.0,85.99,80.5,56.5
2024-02-26,2027,109.85,84.2,83.5,57.5
2024-02-26,2025,99.81,88.74,81.21,61.46
2024-02-23,2025,99.0,87.93,81.21,61.02
2024-02-23,2026,105.0,85.59,83.12,56.25
2024-02-23,2024,90.87,91.25,71.16,56.36
2024-02-23,2027,109.85,84.0,86.84,57.5
2024-02-22,2024,89.08,89.73,71.16,56.54
2024-02-22,2025,98.9,87.99,81.21,60.93
2024-02-22,2026,105.0,85.46,83.61,57.5
2024-02-22,2027,109.85,84.0,86.84,57.5
2024-02-21,2027,109.85,84.47,87.0,57.5
2024-02-21,2026,105.0,85.5,83.86,58.0
2024-02-21,2025,99.41,88.15,81.5,61.14
2024-02-21,2024,88.98,89.97,71.03,56.84
2024-02-20,2026,105.9,86.12,84.77,59.16
2024-02-20,2027,110.47,85.31,87.0,57.5
2024-02-20,2024,89.74,90.16,71.03,57.63
2024-02-20,2025,99.93,88.5,81.5,61.88
2024-02-19,2025,101.73,89.68,81.29,62.43
2024-02-19,2026,106.67,86.28,84.77,59.25
2024-02-19,2027,110.47,85.31,87.0,57.74
2024-02-19,2024,92.14,91.25,71.03,58.67
2024-02-16,2026,106.39,85.71,85.0,58.35
2024-02-16,2024,90.44,90.09,71.03,58.27
2024-02-16,2025,100.49,88.19,81.28,61.6
2024-02-16,2027,110.47,85.04,87.0,57.74
2024-02-15,2025,98.8,86.29,81.28,60.34
2024-02-15,2024,88.05,88.57,71.49,56.94
2024-02-15,2026,106.04,85.01,85.0,57.68
2024-02-15,2027,110.47,84.97,87.0,57.74
2024-02-14,2027,110.47,84.97,88.0,57.75
2024-02-14,2024,87.67,88.13,70.5,57.11
2024-02-14,2026,105.0,84.57,85.09,57.75
2024-02-14,2025,97.89,85.45,81.28,60.72
2024-02-13,2026,105.64,84.76,85.09,58.5
2024-02-13,2027,111.71,85.32,90.0,57.75
2024-02-13,2025,98.21,85.32,81.57,61.75
2024-02-13,2024,88.7,89.06,70.5,66.61
2024-02-12,2027,113.29,85.32,90.0,57.48
2024-02-12,2026,105.49,84.5,85.09,57.25
2024-02-12,2024,85.73,87.8,70.5,50.27
2024-02-12,2025,96.78,84.35,81.57,58.47
2024-02-09,2024,85.72,88.06,70.5,50.77
2024-02-09,2026,105.51,84.5,85.09,57.25
2024-02-09,2025,97.47,84.89,81.57,59.35
2024-02-09,2027,113.29,85.32,90.0,57.48
2024-02-06,2026,107.49,86.48,85.09,57.69
2024-02-06,2024,87.05,91.8,71.45,49.7
2024-02-06,2025,97.13,83.66,82.72,57.83
2024-02-06,2027,114.34,85.92,95.0,57.75
2024-02-05,2026,108.8,86.48,85.09,58.36
2024-02-05,2024,89.21,92.49,72.48,51.32
2024-02-05,2025,98.28,84.25,83.98,58.84
2024-02-05,2027,114.34,85.92,98.01,58.5
2024-02-02,2025,101.5,86.63,85.97,60.8
2024-02-02,2026,110.83,88.52,88.66,60.5
2024-02-02,2027,115.4,88.5,98.01,61.6
2024-02-02,2024,93.44,96.16,76.12,53.58
2024-02-01,2026,110.83,88.52,89.84,62.0
2024-02-01,2027,115.41,88.5,98.47,63.25
2024-02-01,2025,100.97,87.52,87.81,62.17
2024-02-01,2024,93.24,96.85,76.89,54.52
2024-01-31,2025,102.79,90.48,88.06,64.15
2024-01-31,2027,115.41,88.5,99.74,64.0
2024-01-31,2026,111.29,89.5,91.29,64.0
2024-01-31,2024,95.74,99.11,79.01,56.07
2024-01-30,2025,102.95,90.96,90.02,64.21
2024-01-30,2026,111.29,89.92,92.82,65.22
2024-01-30,2027,115.41,88.5,99.98,66.25
2024-01-30,2024,95.3,99.43,80.51,57.19
2024-01-29,2025,103.93,91.78,91.42,65.85
2024-01-29,2024,95.75,99.8,83.74,58.04
2024-01-29,2026,112.49,89.92,93.53,66.5
2024-01-29,2027,115.11,88.5,100.0,67.0
2024-01-25,2027,115.11,88.5,101.0,67.0
2024-01-25,2025,105.49,93.75,91.81,66.77
2024-01-25,2026,112.99,89.92,93.65,66.5
2024-01-25,2024,99.49,103.66,87.23,61.55
2024-01-24,2025,106.27,94.44,92.31,67.5
2024-01-24,2026,113.12,89.92,95.15,66.75
2024-01-24,2024,101.75,104.24,88.35,63.04
2024-01-24,2027,115.11,88.5,101.0,67.43
2024-01-23,2025,106.22,93.87,92.31,67.5
2024-01-23,2027,115.11,88.5,101.0,67.43
2024-01-23,2024,101.23,102.1,88.35,62.24
2024-01-23,2026,113.12,89.85,95.15,66.75
2024-01-22,2024,101.48,104.41,88.48,63.49
2024-01-22,2027,115.11,88.7,101.0,67.43
2024-01-22,2025,106.25,94.01,92.37,68.26
2024-01-22,2026,113.05,89.9,95.15,66.75
2024-01-19,2026,112.93,89.62,95.15,67.25
2024-01-19,2025,105.3,92.89,92.85,68.76
2024-01-19,2027,115.11,88.7,101.0,67.43
2024-01-19,2024,99.21,99.1,88.48,64.8
2024-01-18,2027,115.11,88.7,101.0,67.43
2024-01-18,2026,112.94,89.51,95.15,67.25
2024-01-18,2025,104.57,92.32,92.85,68.7
2024-01-18,2024,98.65,97.25,90.34,64.86
2024-01-17,2026,113.42,89.47,95.15,67.57
2024-01-17,2027,115.11,89.0,101.0,67.43
2024-01-17,2025,105.32,92.88,92.85,68.96
2024-01-17,2024,101.52,96.95,90.96,66.99
2024-01-16,2027,115.98,89.05,101.0,67.43
2024-01-16,2025,105.72,93.63,92.85,69.15
2024-01-16,2026,113.71,90.07,95.15,67.57
2024-01-16,2024,103.12,98.05,90.52,67.95
2024-01-15,2027,115.8,89.05,101.0,67.43
2024-01-15,2024,100.94,95.72,90.94,67.5
2024-01-15,2026,112.97,89.75,95.15,67.32
2024-01-15,2025,104.9,92.67,93.35,68.46
2024-01-12,2026,112.88,89.5,95.15,67.25
2024-01-12,2027,115.8,89.05,101.34,67.43
2024-01-12,2024,99.55,93.54,90.94,66.92
2024-01-12,2025,104.22,91.46,93.4,67.95
2024-01-11,2027,115.8,89.05,101.34,68.34
2024-01-11,2026,113.0,89.5,95.65,67.5
2024-01-11,2025,104.55,91.63,95.93,67.97
2024-01-11,2024,100.0,93.92,91.94,67.27
2024-01-10,2024,100.68,94.21,91.8,67.43
2024-01-10,2026,113.25,89.5,96.76,67.5
2024-01-10,2027,116.5,89.05,102.44,68.34
2024-01-10,2025,105.03,91.74,95.93,69.18
2024-01-09,2027,115.98,89.05,122.0,69.88
2024-01-09,2025,104.99,91.88,97.17,69.33
2024-01-09,2024,101.11,94.85,93.17,67.89
2024-01-09,2026,113.11,89.5,103.0,67.78
2024-01-08,2026,113.11,89.5,103.21,67.78
2024-01-08,2025,105.04,91.82,97.56,69.26
2024-01-08,2027,115.98,89.05,125.38,69.88
2024-01-08,2024,100.92,93.77,94.98,67.23
2023-11-21,2025,111.13,92.09,108.25,67.13
2023-11-21,2027,122.87,89.35,134.58,70.8
2023-11-21,2026,115.0,90.5,119.23,68.5
2023-11-21,2024,103.98,94.08,102.91,69.32
2023-11-20,2027,124.0,89.35,134.58,70.99
2023-11-20,2026,117.0,91.4,119.23,69.09
2023-11-20,2024,107.55,97.42,103.36,71.09
2023-11-20,2025,113.63,94.0,108.92,68.81
2023-11-17,2025,114.28,94.72,109.37,69.25
2023-11-17,2026,117.53,91.26,119.23,69.28
2023-11-17,2027,124.17,89.35,134.58,70.99
2023-11-17,2024,108.96,98.92,103.7,72.23
2023-11-16,2024,106.89,96.75,103.7,71.0
2023-11-16,2026,117.0,90.83,119.23,69.28
2023-11-16,2025,113.88,93.8,109.37,68.85
2023-11-16,2027,124.17,89.35,134.58,70.99
2023-11-10,2025,117.68,96.61,109.43,70.65
2023-11-10,2027,124.63,89.39,134.58,70.99
2023-11-10,2026,120.02,92.0,120.0,71.1
2023-11-10,2024,113.64,102.12,104.37,74.26
2023-11-08,2027,124.75,89.39,134.58,70.99
2023-11-08,2024,114.76,103.31,105.9,75.4
2023-11-08,2025,118.75,97.45,109.62,70.71
2023-11-08,2026,120.55,92.43,120.0,71.17
2023-10-27,2026,123.34,92.0,123.2,70.9
2023-10-27,2025,118.3,95.6,111.14,71.64
2023-10-27,2024,110.97,99.87,109.92,74.8
2023-10-20,2025,121.35,98.64,111.19,72.18
2023-10-20,2024,117.9,106.11,111.86,77.17
2023-10-20,2026,124.92,93.5,123.2,71.08
2023-10-13,2025,119.58,96.5,111.92,71.8
2023-10-13,2026,124.31,93.8,130.0,73.0
2023-10-13,2024,116.19,104.4,113.99,75.66
2023-10-06,2026,126.76,93.95,130.0,74.18
2023-10-06,2024,116.8,103.75,117.36,74.78
2023-10-06,2025,121.13,96.96,113.67,71.03
2023-09-29,2026,128.77,95.75,130.0,75.0
2023-09-29,2025,125.4,101.69,114.43,73.2
2023-09-29,2024,123.9,110.04,120.61,78.82
2023-09-22,2024,128.32,115.18,120.55,80.68
2023-09-22,2026,130.5,96.12,130.0,75.0
2023-09-22,2025,128.38,103.11,113.32,74.37
2023-09-15,2024,128.82,116.41,120.12,80.68
2023-09-15,2026,129.35,95.13,130.0,74.68
2023-09-15,2025,127.97,102.19,113.25,74.25
2023-09-08,2024,127.9,112.91,116.11,79.79
2023-09-08,2025,124.56,97.52,112.76,73.37
2023-09-08,2026,125.97,92.33,130.0,73.5
2023-09-01,2024,124.5,109.77,113.67,80.0
2023-09-01,2025,121.26,95.65,112.3,73.59
2023-09-01,2026,126.0,92.9,130.0,74.85
2023-08-25,2026,125.77,93.25,130.0,74.98
2023-08-25,2024,129.95,115.26,113.67,83.08
2023-08-25,2025,122.41,96.38,112.06,73.43
2023-08-11,2025,118.16,93.62,110.83,70.48
2023-08-11,2026,123.56,91.8,131.73,73.48
2023-08-11,2024,125.69,113.48,112.67,81.03
2023-07-28,2024,126.19,113.29,113.81,79.13
2023-07-28,2025,115.14,93.19,110.59,69.28
2023-07-28,2026,122.2,91.5,131.73,74.0
2023-07-14,2025,111.22,90.15,110.28,66.86
2023-07-14,2026,118.67,91.48,131.73,75.13
2023-07-14,2024,113.58,105.98,112.93,72.98
2023-07-01,2024,130.98,118.25,115.54,78.06
2023-07-01,2026,130.44,91.92,131.73,75.2
2023-07-01,2025,122.02,95.52,110.28,72.42
2023-06-23,2025,122.78,94.15,111.52,76.88
2023-06-23,2024,137.0,121.17,116.93,85.25
2023-06-23,2026,132.07,90.97,131.73,78.0
2023-06-16,2025,124.17,95.5,112.25,77.44
2023-06-16,2024,139.04,123.23,122.25,89.52
2023-06-16,2026,133.5,93.25,132.0,78.0
2023-06-09,2024,136.64,121.18,128.12,90.39
2023-06-09,2025,124.7,94.88,113.5,79.3
2023-06-09,2026,132.75,92.75,132.0,79.0
2023-05-14,2024,172.57,167.92,178.61,127.17
2023-05-14,2025,153.22,128.16,163.58,93.83
2023-05-14,2026,139.66,116.38,163.19,83.77
2023-04-14,2026,142.51,118.76,166.52,85.48
2023-04-14,2025,156.35,130.77,166.91,95.74
2023-04-14,2024,176.09,171.34,182.25,129.77
2023-03-14,2026,118.76,98.96,138.77,71.23
2023-03-14,2025,130.29,108.98,139.1,79.78
2023-03-14,2024,146.74,142.79,151.88,108.14
2023-02-14,2024,172.64,167.98,178.68,127.22
2023-02-14,2026,139.72,116.43,163.26,83.8
2023-02-14,2025,153.28,128.21,163.64,93.86
2023-01-14,2024,171.78,167.15,177.79,126.59
2023-01-14,2026,139.02,115.85,162.44,83.39
2023-01-14,2025,152.52,127.57,162.83,93.4
2022-12-16,2024,127.1,106.31,135.69,77.83
2022-12-16,2025,115.85,96.54,135.37,69.49
2022-12-16,2023,143.15,139.29,148.16,105.49
2022-12-09,2023,162.5,164.13,198.55,109.71
2022-12-09,2024,136.0,112.01,174.02,78.76
2022-12-09,2025,131.16,102.0,177.0,74.88
2022-12-02,2024,161.97,137.14,186.15,93.33
2022-12-02,2025,144.88,115.44,177.0,94.0
2022-12-02,2023,203.0,204.18,201.26,127.56
2022-11-25,2023,206.24,213.67,202.0,132.25
2022-11-25,2024,165.45,143.14,186.0,100.46
2022-11-25,2025,145.76,118.5,177.0,98.37
2022-11-18,2023,196.09,205.92,219.45,123.62
2022-11-18,2024,169.38,144.9,196.35,105.0
2022-11-18,2025,160.02,120.83,186.9,110.28
2022-11-11,2024,161.31,138.0,187.0,100.0
2022-11-11,2025,152.4,115.08,178.0,105.03
2022-11-11,2023,186.75,196.11,209.0,117.73
2022-11-04,2024,185.84,168.78,187.62,118.0
2022-11-04,2023,231.74,238.38,209.75,143.0
2022-11-04,2025,168.0,135.0,178.1,111.19
2022-10-28,2025,173.25,134.0,175.0,119.84
2022-10-28,2023,233.33,239.48,212.22,148.17
2022-10-28,2024,187.0,172.54,185.35,120.9
2022-10-21,2025,182.93,142.5,167.15,125.11
2022-10-21,2024,201.3,186.5,173.94,140.0
2022-10-21,2023,258.77,267.38,209.88,176.67
2022-10-14,2025,181.29,143.16,155.0,122.99
2022-10-14,2024,192.31,171.9,165.0,133.72
2022-10-14,2023,243.0,245.32,210.0,170.64
2022-10-07,2024,185.96,160.74,151.14,129.1
2022-10-07,2023,246.54,241.24,193.31,169.97
2022-10-07,2025,170.88,127.0,136.05,107.68
2022-09-30,2023,232.1,223.68,193.31,157.16
2022-09-30,2025,149.1,109.23,133.83,90.41
2022-09-30,2024,166.89,140.93,151.14,110.67
2022-09-23,2025,148.0,103.0,133.83,81.54
2022-09-23,2024,154.83,129.83,145.26,99.44
2022-09-23,2023,215.65,209.39,184.36,136.21
2022-09-16,2023,222.88,212.93,185.49,139.17
2022-09-16,2024,159.9,134.5,145.26,101.53
2022-09-16,2025,148.76,106.25,133.83,81.81
2022-09-09,2024,147.79,125.0,130.0,96.68
2022-09-09,2023,219.25,206.66,165.0,144.19
2022-09-09,2025,140.25,102.0,119.68,80.84
2022-09-02,2023,219.25,206.66,165.0,144.19
2022-09-02,2025,140.25,102.0,119.68,80.84
2022-09-02,2024,147.79,125.0,130.0,96.68
2022-08-26,2025,132.66,91.93,105.0,80.0
2022-08-26,2024,137.62,113.5,118.0,90.29
2022-08-26,2023,202.16,191.28,151.5,129.35
2022-08-19,2025,129.9,88.5,101.43,78.95
2022-08-19,2024,137.25,110.84,115.38,88.35
2022-08-19,2023,187.61,180.26,146.0,124.78
2022-08-12,2024,130.0,105.39,111.09,83.68
2022-08-12,2023,177.4,168.18,136.5,115.82
2022-08-12,2025,127.37,85.49,101.43,78.32
2022-08-05,2024,130.14,103.43,112.06,81.31
2022-08-05,2025,125.0,83.53,101.87,77.86
2022-08-05,2023,176.39,165.73,135.2,113.21
2022-07-29,2024,134.33,106.5,112.56,86.15
2022-07-29,2025,126.53,84.0,102.32,79.0
2022-07-29,2023,192.25,185.17,153.89,128.88
2022-07-22,2023,200.26,189.28,157.34,133.03
2022-07-22,2024,136.4,108.13,112.8,87.47
2022-07-22,2025,126.75,83.72,95.33,78.0
2022-07-15,2023,214.31,196.49,157.27,149.68
2022-07-15,2024,140.5,110.87,118.64,95.0
2022-07-15,2025,127.5,85.17,88.56,78.75
2022-07-08,2023,199.26,190.71,152.31,130.23
2022-07-08,2025,125.25,85.61,84.11,75.82
2022-07-08,2024,132.76,109.24,119.92,84.06
2022-07-01,2024,134.03,109.45,122.0,81.87
2022-07-01,2023,200.0,191.65,152.31,127.0
2022-07-01,2025,126.75,84.75,84.11,74.82
2022-06-28,2023,198.22,189.86,150.88,119.09
2022-06-28,2025,125.5,89.0,84.11,75.5
2022-06-28,2024,133.77,109.78,128.01,78.5
2022-06-24,2024,135.41,115.65,129.15,79.71
2022-06-24,2023,200.8,196.0,153.76,119.79
2022-06-24,2025,125.63,90.75,84.11,77.75
2022-06-10,2024,138.0,122.31,133.0,82.31
2022-06-10,2023,210.63,203.55,165.0,120.82
2022-06-10,2025,126.0,96.62,85.0,79.25
2022-06-03,2024,124.6,117.17,122.5,81.1
2022-06-03,2025,110.0,96.93,79.28,78.5
2022-06-03,2023,188.51,187.16,148.5,107.58
2022-05-27,2025,103.5,92.0,80.0,74.0
2022-05-27,2024,127.53,120.65,116.0,82.22
2022-05-27,2023,189.29,192.32,144.0,119.0
2022-05-20,2025,102.5,82.16,71.5,65.0
2022-05-20,2024,109.0,104.81,94.5,68.0
2022-05-20,2023,151.12,158.77,109.0,94.34
2022-05-13,2024,99.0,84.36,78.32,58.5
2022-05-13,2023,124.13,122.76,89.5,72.56
2022-05-13,2025,100.95,71.76,59.92,59.65
2022-05-03,2024,101.44,85.11,76.75,59.73
2022-05-03,2023,126.02,119.8,84.1,72.7
2022-05-03,2025,103.0,74.96,59.95,60.3
2022-04-14,2024,99.26,77.23,74.55,55.75
2022-04-14,2023,114.55,98.62,78.59,62.75
2022-04-14,2025,105.0,73.5,59.92,59.65
2022-03-28,2023,137.48,107.71,77.02,61.12
2022-03-28,2024,123.98,86.87,70.22,56.31
2022-03-28,2022,127.73,131.25,79.93,68.23
2022-03-18,2022,102.53,116.09,74.65,62.31
2022-03-18,2023,109.45,92.62,69.33,56.3
2022-03-18,2024,96.5,75.35,65.5,51.74
2022-03-11,2023,105.14,88.59,69.33,51.73
2022-03-11,2022,97.07,115.85,75.73,57.67
2022-03-11,2024,91.25,73.32,64.5,49.25
2022-03-07,2024,89.89,72.59,64.5,50.4
2022-03-07,2022,96.57,110.67,75.73,58.19
2022-03-07,2023,102.38,87.16,69.33,51.81
2022-02-25,2023,93.32,78.22,66.75,50.67
2022-02-25,2022,89.87,102.73,72.56,57.13
2022-02-25,2024,83.66,66.14,61.69,50.45
2022-02-21,2022,86.47,99.61,72.13,55.92
2022-02-21,2024,82.22,65.09,60.69,49.5
2022-02-21,2023,90.22,76.72,65.74,50.1
2022-02-11,2022,80.89,97.34,72.54,54.2
2022-02-11,2024,75.1,59.47,60.06,47.0
2022-02-11,2023,82.65,72.42,65.74,48.79
2022-02-04,2023,84.0,75.0,65.74,49.42
2022-02-04,2022,82.78,106.86,75.5,56.22
2022-02-04,2024,75.89,60.77,60.06,47.0
2022-01-28,2024,76.72,61.3,59.87,47.29
2022-01-28,2023,85.37,76.24,64.35,49.1
2022-01-28,2022,83.46,108.0,70.64,53.57
2022-01-21,2023,85.07,75.8,63.35,49.91
2022-01-21,2022,83.62,103.67,69.83,55.47
2022-01-21,2024,76.7,61.74,58.65,47.51
2022-01-20,2023,81.75,72.47,63.35,48.73
2022-01-20,2024,76.25,60.03,58.65,47.5
2022-01-20,2022,80.79,92.58,69.83,54.03
2022-01-14,2024,79.24,61.79,59.0,48.25
2022-01-14,2023,84.14,74.85,64.46,48.96
2022-01-14,2022,85.46,98.78,72.59,53.64
2022-01-12,2024,79.5,63.16,59.0,48.85
2022-01-12,2023,85.53,76.62,64.46,50.82
2022-01-12,2022,89.25,107.47,72.34,56.92
2021-12-17,2022,76.35,83.5,65.62,55.39
2021-12-17,2024,72.21,58.51,57.25,46.75
2021-12-17,2023,76.44,67.41,58.56,50.01
2021-12-10,2024,72.01,59.06,55.68,48.21
2021-12-10,2023,76.55,66.65,57.0,50.11
2021-12-10,2022,76.42,82.08,64.94,55.88
2021-12-03,2024,69.56,57.65,55.68,47.57
2021-12-03,2022,72.86,77.8,60.34,53.02
2021-12-03,2023,73.01,64.79,55.85,48.73
2021-11-26,2022,71.98,76.01,60.83,51.8
2021-11-26,2023,71.61,63.84,55.0,48.57
2021-11-26,2024,67.95,56.9,57.5,46.91
2021-11-19,2022,68.09,68.59,56.5,49.11
2021-11-19,2023,68.01,59.0,51.9,46.95
2021-11-19,2024,66.35,52.45,53.41,45.88
2021-11-12,2022,66.39,67.33,53.97,48.36
2021-11-12,2023,67.22,58.1,50.58,46.06
2021-11-12,2024,65.84,52.1,53.41,45.7
2021-11-05,2023,68.75,59.25,51.0,46.36
2021-11-05,2022,69.73,69.1,54.57,48.92
2021-11-05,2024,66.52,52.77,53.8,46.07
2021-10-29,2022,66.59,66.81,53.85,48.41
2021-10-29,2024,65.27,51.35,53.8,45.97
2021-10-29,2023,66.66,56.14,51.0,45.92
2021-10-22,2022,68.56,70.25,54.28,50.01
2021-10-22,2024,65.32,52.54,53.8,46.91
2021-10-22,2023,67.07,57.75,51.0,46.71
2021-10-19,2023,65.83,55.25,51.0,45.5
2021-10-19,2022,66.02,63.25,53.29,47.39
2021-10-19,2024,63.99,51.09,53.8,45.58
2021-10-15,2023,64.98,53.83,51.0,44.77
2021-10-15,2024,63.86,50.75,53.8,45.2
2021-10-15,2022,64.16,60.98,53.09,46.49
2021-10-08,2023,65.5,55.0,52.5,44.8
2021-10-08,2024,64.47,50.75,53.8,45.48
2021-10-08,2022,65.47,62.16,52.0,47.35
2021-09-27,2023,65.65,53.58,52.5,46.17
2021-09-27,2022,65.25,59.99,53.2,47.86
2021-09-27,2024,63.86,48.95,53.8,45.45
2021-09-23,2023,64.7,52.41,52.5,46.0
2021-09-23,2022,64.36,57.71,53.19,47.88
2021-09-23,2024,63.5,48.66,53.8,45.25
2021-09-20,2022,62.82,55.98,53.25,46.45
2021-09-20,2024,62.42,47.97,53.8,45.12
2021-09-20,2023,63.5,51.18,52.5,45.05
2021-09-10,2024,63.04,48.02,53.78,46.43
2021-09-10,2023,64.31,51.39,52.5,46.28
2021-09-10,2022,64.72,57.35,54.5,49.6
