Quote Date,Year,State,Price
3/04/2024,2025,NSW,102.14
3/04/2024,2026,NSW,104.1
3/04/2024,2027,NSW,109.6
3/04/2024,2025,VIC,64.25
3/04/2024,2026,VIC,63.52
3/04/2024,2027,VIC,59.86
3/04/2024,2025,QLD,88.96
3/04/2024,2026,QLD,87.47
3/04/2024,2027,QLD,85.62
3/04/2024,2025,SA,84.63
3/04/2024,2026,SA,81.74
3/04/2024,2027,SA,83.69
2/04/2024,2025,NSW,101.55
2/04/2024,2026,NSW,103.63
2/04/2024,2027,NSW,109.36
2/04/2024,2025,VIC,63.73
2/04/2024,2026,VIC,62.48
2/04/2024,2027,VIC,58.96
2/04/2024,2025,QLD,88.15
2/04/2024,2026,QLD,87.14
2/04/2024,2027,QLD,85.31
2/04/2024,2025,SA,84.63
2/04/2024,2026,SA,81.74
2/04/2024,2027,SA,83.69
28/03/2024,2024,NSW,90.52
28/03/2024,2025,NSW,101.33
28/03/2024,2026,NSW,103.52
28/03/2024,2027,NSW,109.36
28/03/2024,2024,VIC,58.68
28/03/2024,2025,VIC,64.19
28/03/2024,2026,VIC,62.77
28/03/2024,2027,VIC,59.28
28/03/2024,2024,QLD,89.38
28/03/2024,2025,QLD,88.75
28/03/2024,2026,QLD,87.54
28/03/2024,2027,QLD,85.31
28/03/2024,2024,SA,74.03
28/03/2024,2025,SA,84.63
28/03/2024,2026,SA,81.74
28/03/2024,2027,SA,83.69
27/03/2024,2024,NSW,90.25
27/03/2024,2025,NSW,101.17
27/03/2024,2026,NSW,103.52
27/03/2024,2027,NSW,109.36
27/03/2024,2024,VIC,58.62
27/03/2024,2025,VIC,64.25
27/03/2024,2026,VIC,62.77
27/03/2024,2027,VIC,59.28
27/03/2024,2024,QLD,88.99
27/03/2024,2025,QLD,88.26
27/03/2024,2026,QLD,87.35
27/03/2024,2027,QLD,85.31
27/03/2024,2024,SA,74.03
27/03/2024,2025,SA,84.63
27/03/2024,2026,SA,81.74
27/03/2024,2027,SA,83.69
26/03/2024,2024,NSW,89.77
26/03/2024,2025,NSW,100.67
26/03/2024,2026,NSW,103.22
26/03/2024,2027,NSW,109.36
26/03/2024,2024,VIC,58.15
26/03/2024,2025,VIC,64.12
26/03/2024,2026,VIC,62.58
26/03/2024,2027,VIC,59.28
26/03/2024,2024,QLD,88.5
26/03/2024,2025,QLD,88.03
26/03/2024,2026,QLD,87.29
26/03/2024,2027,QLD,85.31
26/03/2024,2024,SA,74.03
26/03/2024,2025,SA,84.63
26/03/2024,2026,SA,81.74
26/03/2024,2027,SA,83.69
25/03/2024,2024,NSW,90.02
25/03/2024,2025,NSW,100.7
25/03/2024,2026,NSW,103.55
25/03/2024,2027,NSW,109.36
25/03/2024,2024,VIC,58.12
25/03/2024,2025,VIC,64.32
25/03/2024,2026,VIC,62.58
25/03/2024,2027,VIC,59.28
25/03/2024,2024,QLD,88.59
25/03/2024,2025,QLD,88.04
25/03/2024,2026,QLD,87.54
25/03/2024,2027,QLD,85.31
25/03/2024,2024,SA,74.03
25/03/2024,2025,SA,84.63
25/03/2024,2026,SA,81.74
25/03/2024,2027,SA,83.69
22/03/2024,2024,NSW,90.89
22/03/2024,2025,NSW,101.71
22/03/2024,2026,NSW,103.59
22/03/2024,2027,NSW,109.36
22/03/2024,2024,VIC,59.12
22/03/2024,2025,VIC,65.52
22/03/2024,2026,VIC,63.2
22/03/2024,2027,VIC,59.78
22/03/2024,2024,QLD,89.07
22/03/2024,2025,QLD,89.08
22/03/2024,2026,QLD,87.54
22/03/2024,2027,QLD,85.31
22/03/2024,2024,SA,74.03
22/03/2024,2025,SA,84.63
22/03/2024,2026,SA,81.97
22/03/2024,2027,SA,83.69
21/03/2024,2024,NSW,92.48
21/03/2024,2025,NSW,102.92
21/03/2024,2026,NSW,104.67
21/03/2024,2027,NSW,109.42
21/03/2024,2024,VIC,60.9
21/03/2024,2025,VIC,66.44
21/03/2024,2026,VIC,63.2
21/03/2024,2027,VIC,59.78
21/03/2024,2024,QLD,90.29
21/03/2024,2025,QLD,90.38
21/03/2024,2026,QLD,87.8
21/03/2024,2027,QLD,85.31
21/03/2024,2024,SA,73.32
21/03/2024,2025,SA,84.63
21/03/2024,2026,SA,81.97
21/03/2024,2027,SA,83.69
20/03/2024,2024,NSW,92.32
20/03/2024,2025,NSW,102.31
20/03/2024,2026,NSW,103.19
20/03/2024,2027,NSW,109.42
20/03/2024,2024,VIC,60.68
20/03/2024,2025,VIC,65.73
20/03/2024,2026,VIC,62.84
20/03/2024,2027,VIC,59.19
20/03/2024,2024,QLD,90
20/03/2024,2025,QLD,90.32
20/03/2024,2026,QLD,86.75
20/03/2024,2027,QLD,84.94
20/03/2024,2024,SA,73.32
20/03/2024,2025,SA,83.46
20/03/2024,2026,SA,81.02
20/03/2024,2027,SA,83.04
18/03/2024,2024,NSW,91.39
18/03/2024,2025,NSW,99.28
18/03/2024,2026,NSW,101.19
18/03/2024,2027,NSW,108.55
18/03/2024,2024,VIC,60.32
18/03/2024,2025,VIC,64.01
18/03/2024,2026,VIC,60.82
18/03/2024,2027,VIC,58.5
18/03/2024,2024,QLD,88.6
18/03/2024,2025,QLD,87.7
18/03/2024,2026,QLD,85.25
18/03/2024,2027,QLD,84.32
18/03/2024,2024,SA,73.32
18/03/2024,2025,SA,83.46
18/03/2024,2026,SA,80.05
18/03/2024,2027,SA,82.92
15/03/2024,2024,NSW,91.06
15/03/2024,2025,NSW,98.57
15/03/2024,2026,NSW,100.89
15/03/2024,2027,NSW,108.5
15/03/2024,2024,VIC,59.47
15/03/2024,2025,VIC,63.01
15/03/2024,2026,VIC,59.86
15/03/2024,2027,VIC,58.25
15/03/2024,2024,QLD,88.51
15/03/2024,2025,QLD,87.11
15/03/2024,2026,QLD,85.12
15/03/2024,2027,QLD,84.26
15/03/2024,2024,SA,72.57
15/03/2024,2025,SA,83.46
15/03/2024,2026,SA,80.05
15/03/2024,2027,SA,83
14/03/2024,2024,NSW,90.42
14/03/2024,2025,NSW,97.88
14/03/2024,2026,NSW,100.5
14/03/2024,2027,NSW,108.5
14/03/2024,2024,VIC,58.67
14/03/2024,2025,VIC,62.42
14/03/2024,2026,VIC,59.22
14/03/2024,2027,VIC,58
14/03/2024,2024,QLD,87.93
14/03/2024,2025,QLD,86.4
14/03/2024,2026,QLD,84.8
14/03/2024,2027,QLD,84.26
14/03/2024,2024,SA,72.57
14/03/2024,2025,SA,83.46
14/03/2024,2026,SA,80.11
14/03/2024,2027,SA,83
13/03/2024,2024,NSW,90.19
13/03/2024,2025,NSW,97.85
13/03/2024,2026,NSW,100.63
13/03/2024,2027,NSW,108.5
13/03/2024,2024,VIC,58.55
13/03/2024,2025,VIC,61.9
13/03/2024,2026,VIC,58
13/03/2024,2027,VIC,57.47
13/03/2024,2024,QLD,88.5
13/03/2024,2025,QLD,86.67
13/03/2024,2026,QLD,84.72
13/03/2024,2027,QLD,84.26
13/03/2024,2024,SA,72.57
13/03/2024,2025,SA,83.15
13/03/2024,2026,SA,78.86
13/03/2024,2027,SA,82.38
12/03/2024,2024,NSW,91.11
12/03/2024,2025,NSW,98.29
12/03/2024,2026,NSW,101
12/03/2024,2027,NSW,108.5
12/03/2024,2024,VIC,58.8
12/03/2024,2025,VIC,61.97
12/03/2024,2026,VIC,58
12/03/2024,2027,VIC,57.47
12/03/2024,2024,QLD,89.82
12/03/2024,2025,QLD,87.19
12/03/2024,2026,QLD,84.62
12/03/2024,2027,QLD,84.26
12/03/2024,2024,SA,72.57
12/03/2024,2025,SA,83.15
12/03/2024,2026,SA,78.86
12/03/2024,2027,SA,82.38
11/03/2024,2024,NSW,92.14
11/03/2024,2025,NSW,98.7
11/03/2024,2026,NSW,101.94
11/03/2024,2027,NSW,109.5
11/03/2024,2024,VIC,59.3
11/03/2024,2025,VIC,62.17
11/03/2024,2026,VIC,57.75
11/03/2024,2027,VIC,57.42
11/03/2024,2024,QLD,90.74
11/03/2024,2025,QLD,87.52
11/03/2024,2026,QLD,84.99
11/03/2024,2027,QLD,84.26
11/03/2024,2024,SA,72.57
11/03/2024,2025,SA,83.03
11/03/2024,2026,SA,78.81
11/03/2024,2027,SA,82.36
8/03/2024,2024,NSW,92.11
8/03/2024,2025,NSW,98.82
8/03/2024,2026,NSW,101.94
8/03/2024,2027,NSW,109.68
8/03/2024,2024,VIC,59.31
8/03/2024,2025,VIC,62.27
8/03/2024,2026,VIC,58.04
8/03/2024,2027,VIC,57.42
8/03/2024,2024,QLD,91.46
8/03/2024,2025,QLD,87.57
8/03/2024,2026,QLD,85.3
8/03/2024,2027,QLD,84.26
8/03/2024,2024,SA,72.57
8/03/2024,2025,SA,83.03
8/03/2024,2026,SA,78.81
8/03/2024,2027,SA,82.36
7/03/2024,2024,NSW,92.52
7/03/2024,2025,NSW,98.76
7/03/2024,2026,NSW,101.94
7/03/2024,2027,NSW,109.68
7/03/2024,2024,VIC,58.77
7/03/2024,2025,VIC,61.89
7/03/2024,2026,VIC,57.93
7/03/2024,2027,VIC,57.24
7/03/2024,2024,QLD,91.68
7/03/2024,2025,QLD,87.69
7/03/2024,2026,QLD,85.18
7/03/2024,2027,QLD,84.26
7/03/2024,2024,SA,72.57
7/03/2024,2025,SA,82.9
7/03/2024,2026,SA,78.81
7/03/2024,2027,SA,82.36
6/03/2024,2024,NSW,91.7
6/03/2024,2025,NSW,98.75
6/03/2024,2026,NSW,103.86
6/03/2024,2027,NSW,109.85
6/03/2024,2024,VIC,58.51
6/03/2024,2025,VIC,61.57
6/03/2024,2026,VIC,57.97
6/03/2024,2027,VIC,57.4
6/03/2024,2024,QLD,91.62
6/03/2024,2025,QLD,87.39
6/03/2024,2026,QLD,85.5
6/03/2024,2027,QLD,84.2
6/03/2024,2024,SA,72.57
6/03/2024,2025,SA,82.66
6/03/2024,2026,SA,78.81
6/03/2024,2027,SA,82.36
5/03/2024,2024,NSW,91.3
5/03/2024,2025,NSW,98.4
5/03/2024,2026,NSW,103.96
5/03/2024,2027,NSW,109.85
5/03/2024,2024,VIC,57.37
5/03/2024,2025,VIC,60.95
5/03/2024,2026,VIC,57.2
5/03/2024,2027,VIC,57.18
5/03/2024,2024,QLD,91.37
5/03/2024,2025,QLD,87.08
5/03/2024,2026,QLD,85.49
5/03/2024,2027,QLD,84.2
5/03/2024,2024,SA,72.08
5/03/2024,2025,SA,82.66
5/03/2024,2026,SA,78.81
5/03/2024,2027,SA,82.36
4/03/2024,2024,NSW,90.99
4/03/2024,2025,NSW,97.83
4/03/2024,2026,NSW,105
4/03/2024,2027,NSW,109.85
4/03/2024,2024,VIC,56.76
4/03/2024,2025,VIC,60.32
4/03/2024,2026,VIC,56.41
4/03/2024,2027,VIC,56.74
4/03/2024,2024,QLD,90.55
4/03/2024,2025,QLD,86.9
4/03/2024,2026,QLD,85.95
4/03/2024,2027,QLD,84.2
4/03/2024,2024,SA,71.64
4/03/2024,2025,SA,81.93
4/03/2024,2026,SA,78.81
4/03/2024,2027,SA,82.36
1/03/2024,2024,NSW,91.3
1/03/2024,2025,NSW,98.42
1/03/2024,2026,NSW,105.22
1/03/2024,2027,NSW,109.85
1/03/2024,2024,VIC,56.71
1/03/2024,2025,VIC,60.47
1/03/2024,2026,VIC,56.5
1/03/2024,2027,VIC,57.5
1/03/2024,2024,QLD,90.93
1/03/2024,2025,QLD,87.22
1/03/2024,2026,QLD,85.95
1/03/2024,2027,QLD,84.2
1/03/2024,2024,SA,71.64
1/03/2024,2025,SA,81.87
1/03/2024,2026,SA,79
1/03/2024,2027,SA,82.36
29/02/2024,2024,NSW,92.28
29/02/2024,2025,NSW,99.02
29/02/2024,2026,NSW,105.04
29/02/2024,2027,NSW,109.85
29/02/2024,2024,VIC,56.94
29/02/2024,2025,VIC,60.81
29/02/2024,2026,VIC,56.98
29/02/2024,2027,VIC,57.5
29/02/2024,2024,QLD,92.27
29/02/2024,2025,QLD,88.23
29/02/2024,2026,QLD,85.95
29/02/2024,2027,QLD,84.2
29/02/2024,2024,SA,71.64
29/02/2024,2025,SA,81.78
29/02/2024,2026,SA,79.53
29/02/2024,2027,SA,83
28/02/2024,2024,NSW,92.36
28/02/2024,2025,NSW,99.74
28/02/2024,2026,NSW,105.13
28/02/2024,2027,NSW,109.85
28/02/2024,2024,VIC,57.37
28/02/2024,2025,VIC,61.47
28/02/2024,2026,VIC,57.4
28/02/2024,2027,VIC,57.5
28/02/2024,2024,QLD,92.58
28/02/2024,2025,QLD,88.64
28/02/2024,2026,QLD,86.16
28/02/2024,2027,QLD,84.2
28/02/2024,2024,SA,71.64
28/02/2024,2025,SA,81.78
28/02/2024,2026,SA,80
28/02/2024,2027,SA,83
27/02/2024,2024,NSW,95.07
27/02/2024,2025,NSW,100.95
27/02/2024,2026,NSW,105.27
27/02/2024,2027,NSW,109.85
27/02/2024,2024,VIC,58.68
27/02/2024,2025,VIC,62.1
27/02/2024,2026,VIC,57.5
27/02/2024,2027,VIC,57.5
27/02/2024,2024,QLD,95.06
27/02/2024,2025,QLD,89.93
27/02/2024,2026,QLD,86.37
27/02/2024,2027,QLD,84.2
27/02/2024,2024,SA,71.64
27/02/2024,2025,SA,81.78
27/02/2024,2026,SA,80.41
27/02/2024,2027,SA,83.4
26/02/2024,2024,NSW,92.47
26/02/2024,2025,NSW,99.81
26/02/2024,2026,NSW,105
26/02/2024,2027,NSW,109.85
26/02/2024,2024,VIC,57.26
26/02/2024,2025,VIC,61.46
26/02/2024,2026,VIC,56.5
26/02/2024,2027,VIC,57.5
26/02/2024,2024,QLD,92.7
26/02/2024,2025,QLD,88.74
26/02/2024,2026,QLD,85.99
26/02/2024,2027,QLD,84.2
26/02/2024,2024,SA,71.16
26/02/2024,2025,SA,81.21
26/02/2024,2026,SA,80.5
26/02/2024,2027,SA,83.5
23/02/2024,2024,NSW,90.87
23/02/2024,2025,NSW,99
23/02/2024,2026,NSW,105
23/02/2024,2027,NSW,109.85
23/02/2024,2024,VIC,56.36
23/02/2024,2025,VIC,61.02
23/02/2024,2026,VIC,56.25
23/02/2024,2027,VIC,57.5
23/02/2024,2024,QLD,91.25
23/02/2024,2025,QLD,87.93
23/02/2024,2026,QLD,85.59
23/02/2024,2027,QLD,84
23/02/2024,2024,SA,71.16
23/02/2024,2025,SA,81.21
23/02/2024,2026,SA,83.12
23/02/2024,2027,SA,86.84
22/02/2024,2024,NSW,89.08
22/02/2024,2025,NSW,98.9
22/02/2024,2026,NSW,105
22/02/2024,2027,NSW,109.85
22/02/2024,2024,VIC,56.54
22/02/2024,2025,VIC,60.93
22/02/2024,2026,VIC,57.5
22/02/2024,2027,VIC,57.5
22/02/2024,2024,QLD,89.73
22/02/2024,2025,QLD,87.99
22/02/2024,2026,QLD,85.46
22/02/2024,2027,QLD,84
22/02/2024,2024,SA,71.16
22/02/2024,2025,SA,81.21
22/02/2024,2026,SA,83.61
22/02/2024,2027,SA,86.84
21/02/2024,2024,NSW,88.98
21/02/2024,2025,NSW,99.41
21/02/2024,2026,NSW,105
21/02/2024,2027,NSW,109.85
21/02/2024,2024,VIC,56.84
21/02/2024,2025,VIC,61.14
21/02/2024,2026,VIC,58
21/02/2024,2027,VIC,57.5
21/02/2024,2024,QLD,89.97
21/02/2024,2025,QLD,88.15
21/02/2024,2026,QLD,85.5
21/02/2024,2027,QLD,84.47
21/02/2024,2024,SA,71.03
21/02/2024,2025,SA,81.5
21/02/2024,2026,SA,83.86
21/02/2024,2027,SA,87
20/02/2024,2024,NSW,89.74
20/02/2024,2025,NSW,99.93
20/02/2024,2026,NSW,105.9
20/02/2024,2027,NSW,110.47
20/02/2024,2024,VIC,57.63
20/02/2024,2025,VIC,61.88
20/02/2024,2026,VIC,59.16
20/02/2024,2027,VIC,57.5
20/02/2024,2024,QLD,90.16
20/02/2024,2025,QLD,88.5
20/02/2024,2026,QLD,86.12
20/02/2024,2027,QLD,85.31
20/02/2024,2024,SA,71.03
20/02/2024,2025,SA,81.5
20/02/2024,2026,SA,84.77
20/02/2024,2027,SA,87
19/02/2024,2024,NSW,92.14
19/02/2024,2025,NSW,101.73
19/02/2024,2026,NSW,106.67
19/02/2024,2027,NSW,110.47
19/02/2024,2024,VIC,58.67
19/02/2024,2025,VIC,62.43
19/02/2024,2026,VIC,59.25
19/02/2024,2027,VIC,57.74
19/02/2024,2024,QLD,91.25
19/02/2024,2025,QLD,89.68
19/02/2024,2026,QLD,86.28
19/02/2024,2027,QLD,85.31
19/02/2024,2024,SA,71.03
19/02/2024,2025,SA,81.29
19/02/2024,2026,SA,84.77
19/02/2024,2027,SA,87
16/02/2024,2024,NSW,90.44
16/02/2024,2025,NSW,100.49
16/02/2024,2026,NSW,106.39
16/02/2024,2027,NSW,110.47
16/02/2024,2024,VIC,58.27
16/02/2024,2025,VIC,61.6
16/02/2024,2026,VIC,58.35
16/02/2024,2027,VIC,57.74
16/02/2024,2024,QLD,90.09
16/02/2024,2025,QLD,88.19
16/02/2024,2026,QLD,85.71
16/02/2024,2027,QLD,85.04
16/02/2024,2024,SA,71.03
16/02/2024,2025,SA,81.28
16/02/2024,2026,SA,85
16/02/2024,2027,SA,87
15/02/2024,2024,NSW,88.05
15/02/2024,2025,NSW,98.8
15/02/2024,2026,NSW,106.04
15/02/2024,2027,NSW,110.47
15/02/2024,2024,VIC,56.94
15/02/2024,2025,VIC,60.34
15/02/2024,2026,VIC,57.68
15/02/2024,2027,VIC,57.74
15/02/2024,2024,QLD,88.57
15/02/2024,2025,QLD,86.29
15/02/2024,2026,QLD,85.01
15/02/2024,2027,QLD,84.97
15/02/2024,2024,SA,71.49
15/02/2024,2025,SA,81.28
15/02/2024,2026,SA,85
15/02/2024,2027,SA,87
14/02/2024,2024,NSW,87.67
14/02/2024,2025,NSW,97.89
14/02/2024,2026,NSW,105
14/02/2024,2027,NSW,110.47
14/02/2024,2024,VIC,57.11
14/02/2024,2025,VIC,60.72
14/02/2024,2026,VIC,57.75
14/02/2024,2027,VIC,57.75
14/02/2024,2024,QLD,88.13
14/02/2024,2025,QLD,85.45
14/02/2024,2026,QLD,84.57
14/02/2024,2027,QLD,84.97
14/02/2024,2024,SA,70.5
14/02/2024,2025,SA,81.28
14/02/2024,2026,SA,85.09
14/02/2024,2027,SA,88
13/02/2024,2024,NSW,88.7
13/02/2024,2025,NSW,98.21
13/02/2024,2026,NSW,105.64
13/02/2024,2027,NSW,111.71
13/02/2024,2024,VIC,66.61
13/02/2024,2025,VIC,61.75
13/02/2024,2026,VIC,58.5
13/02/2024,2027,VIC,57.75
13/02/2024,2024,QLD,89.06
13/02/2024,2025,QLD,85.32
13/02/2024,2026,QLD,84.76
13/02/2024,2027,QLD,85.32
13/02/2024,2024,SA,70.5
13/02/2024,2025,SA,81.57
13/02/2024,2026,SA,85.09
13/02/2024,2027,SA,90
12/02/2024,2024,NSW,85.73
12/02/2024,2025,NSW,96.78
12/02/2024,2026,NSW,105.49
12/02/2024,2027,NSW,113.29
12/02/2024,2024,VIC,50.27
12/02/2024,2025,VIC,58.47
12/02/2024,2026,VIC,57.25
12/02/2024,2027,VIC,57.48
12/02/2024,2024,QLD,87.8
12/02/2024,2025,QLD,84.35
12/02/2024,2026,QLD,84.5
12/02/2024,2027,QLD,85.32
12/02/2024,2024,SA,70.5
12/02/2024,2025,SA,81.57
12/02/2024,2026,SA,85.09
12/02/2024,2027,SA,90
9/02/2024,2024,NSW,85.72
9/02/2024,2025,NSW,97.47
9/02/2024,2026,NSW,105.51
9/02/2024,2027,NSW,113.29
9/02/2024,2024,VIC,50.77
9/02/2024,2025,VIC,59.35
9/02/2024,2026,VIC,57.25
9/02/2024,2027,VIC,57.48
9/02/2024,2024,QLD,88.06
9/02/2024,2025,QLD,84.89
9/02/2024,2026,QLD,84.5
9/02/2024,2027,QLD,85.32
9/02/2024,2024,SA,70.5
9/02/2024,2025,SA,81.57
9/02/2024,2026,SA,85.09
9/02/2024,2027,SA,90
5/02/2024,2024,NSW,89.21
5/02/2024,2025,NSW,98.28
5/02/2024,2026,NSW,108.8
5/02/2024,2027,NSW,114.34
5/02/2024,2024,VIC,51.32
5/02/2024,2025,VIC,58.84
5/02/2024,2026,VIC,58.36
5/02/2024,2027,VIC,58.5
5/02/2024,2024,QLD,92.49
5/02/2024,2025,QLD,84.25
5/02/2024,2026,QLD,86.48
5/02/2024,2027,QLD,85.92
5/02/2024,2024,SA,72.48
5/02/2024,2025,SA,83.98
5/02/2024,2026,SA,85.09
5/02/2024,2027,SA,98.01
2/02/2024,2024,NSW,93.44
2/02/2024,2025,NSW,101.5
2/02/2024,2026,NSW,110.83
2/02/2024,2027,NSW,115.4
2/02/2024,2024,VIC,53.58
2/02/2024,2025,VIC,60.8
2/02/2024,2026,VIC,60.5
2/02/2024,2027,VIC,61.6
2/02/2024,2024,QLD,96.16
2/02/2024,2025,QLD,86.63
2/02/2024,2026,QLD,88.52
2/02/2024,2027,QLD,88.5
2/02/2024,2024,SA,76.12
2/02/2024,2025,SA,85.97
2/02/2024,2026,SA,88.66
2/02/2024,2027,SA,98.01
1/02/2024,2024,NSW,93.24
1/02/2024,2025,NSW,100.97
1/02/2024,2026,NSW,110.83
1/02/2024,2027,NSW,115.41
1/02/2024,2024,VIC,54.52
1/02/2024,2025,VIC,62.17
1/02/2024,2026,VIC,62
1/02/2024,2027,VIC,63.25
1/02/2024,2024,QLD,96.85
1/02/2024,2025,QLD,87.52
1/02/2024,2026,QLD,88.52
1/02/2024,2027,QLD,88.5
1/02/2024,2024,SA,76.89
1/02/2024,2025,SA,87.81
1/02/2024,2026,SA,89.84
1/02/2024,2027,SA,98.47
31/01/2024,2024,NSW,95.74
31/01/2024,2025,NSW,102.79
31/01/2024,2026,NSW,111.29
31/01/2024,2027,NSW,115.41
31/01/2024,2024,VIC,56.07
31/01/2024,2025,VIC,64.15
31/01/2024,2026,VIC,64
31/01/2024,2027,VIC,64
31/01/2024,2024,QLD,99.11
31/01/2024,2025,QLD,90.48
31/01/2024,2026,QLD,89.5
31/01/2024,2027,QLD,88.5
31/01/2024,2024,SA,79.01
31/01/2024,2025,SA,88.06
31/01/2024,2026,SA,91.29
31/01/2024,2027,SA,99.74
30/01/2024,2024,NSW,95.3
30/01/2024,2025,NSW,102.95
30/01/2024,2026,NSW,111.29
30/01/2024,2027,NSW,115.41
30/01/2024,2024,VIC,57.19
30/01/2024,2025,VIC,64.21
30/01/2024,2026,VIC,65.22
30/01/2024,2027,VIC,66.25
30/01/2024,2024,QLD,99.43
30/01/2024,2025,QLD,90.96
30/01/2024,2026,QLD,89.92
30/01/2024,2027,QLD,88.5
30/01/2024,2024,SA,80.51
30/01/2024,2025,SA,90.02
30/01/2024,2026,SA,92.82
30/01/2024,2027,SA,99.98
29/01/2024,2024,NSW,95.75
29/01/2024,2025,NSW,103.93
29/01/2024,2026,NSW,112.49
29/01/2024,2027,NSW,115.11
29/01/2024,2024,VIC,58.04
29/01/2024,2025,VIC,65.85
29/01/2024,2026,VIC,66.5
29/01/2024,2027,VIC,67
29/01/2024,2024,QLD,99.8
29/01/2024,2025,QLD,91.78
29/01/2024,2026,QLD,89.92
29/01/2024,2027,QLD,88.5
29/01/2024,2024,SA,83.74
29/01/2024,2025,SA,91.42
29/01/2024,2026,SA,93.53
29/01/2024,2027,SA,100
25/01/2024,2024,NSW,99.49
25/01/2024,2025,NSW,105.49
25/01/2024,2026,NSW,112.99
25/01/2024,2027,NSW,115.11
25/01/2024,2024,VIC,61.55
25/01/2024,2025,VIC,66.77
25/01/2024,2026,VIC,66.5
25/01/2024,2027,VIC,67
25/01/2024,2024,QLD,103.66
25/01/2024,2025,QLD,93.75
25/01/2024,2026,QLD,89.92
25/01/2024,2027,QLD,88.5
25/01/2024,2024,SA,87.23
25/01/2024,2025,SA,91.81
25/01/2024,2026,SA,93.65
25/01/2024,2027,SA,101
24/01/2024,2024,NSW,101.75
24/01/2024,2025,NSW,106.27
24/01/2024,2026,NSW,113.12
24/01/2024,2027,NSW,115.11
24/01/2024,2024,VIC,63.04
24/01/2024,2025,VIC,67.5
24/01/2024,2026,VIC,66.75
24/01/2024,2027,VIC,67.43
24/01/2024,2024,QLD,104.24
24/01/2024,2025,QLD,94.44
24/01/2024,2026,QLD,89.92
24/01/2024,2027,QLD,88.5
24/01/2024,2024,SA,88.35
24/01/2024,2025,SA,92.31
24/01/2024,2026,SA,95.15
24/01/2024,2027,SA,101
23/01/2024,2024,NSW,101.23
23/01/2024,2025,NSW,106.22
23/01/2024,2026,NSW,113.12
23/01/2024,2027,NSW,115.11
23/01/2024,2024,VIC,62.24
23/01/2024,2025,VIC,67.5
23/01/2024,2026,VIC,66.75
23/01/2024,2027,VIC,67.43
23/01/2024,2024,QLD,102.1
23/01/2024,2025,QLD,93.87
23/01/2024,2026,QLD,89.85
23/01/2024,2027,QLD,88.5
23/01/2024,2024,SA,88.35
23/01/2024,2025,SA,92.31
23/01/2024,2026,SA,95.15
23/01/2024,2027,SA,101
22/01/2024,2024,NSW,101.48
22/01/2024,2025,NSW,106.25
22/01/2024,2026,NSW,113.05
22/01/2024,2027,NSW,115.11
22/01/2024,2024,VIC,63.49
22/01/2024,2025,VIC,68.26
22/01/2024,2026,VIC,66.75
22/01/2024,2027,VIC,67.43
22/01/2024,2024,QLD,104.41
22/01/2024,2025,QLD,94.01
22/01/2024,2026,QLD,89.9
22/01/2024,2027,QLD,88.7
22/01/2024,2024,SA,88.48
22/01/2024,2025,SA,92.37
22/01/2024,2026,SA,95.15
22/01/2024,2027,SA,101
19/01/2024,2024,NSW,99.21
19/01/2024,2025,NSW,105.3
19/01/2024,2026,NSW,112.93
19/01/2024,2027,NSW,115.11
19/01/2024,2024,VIC,64.8
19/01/2024,2025,VIC,68.76
19/01/2024,2026,VIC,67.25
19/01/2024,2027,VIC,67.43
19/01/2024,2024,QLD,99.1
19/01/2024,2025,QLD,92.89
19/01/2024,2026,QLD,89.62
19/01/2024,2027,QLD,88.7
19/01/2024,2024,SA,88.48
19/01/2024,2025,SA,92.85
19/01/2024,2026,SA,95.15
19/01/2024,2027,SA,101
18/01/2024,2024,NSW,98.65
18/01/2024,2025,NSW,104.57
18/01/2024,2026,NSW,112.94
18/01/2024,2027,NSW,115.11
18/01/2024,2024,VIC,64.86
18/01/2024,2025,VIC,68.7
18/01/2024,2026,VIC,67.25
18/01/2024,2027,VIC,67.43
18/01/2024,2024,QLD,97.25
18/01/2024,2025,QLD,92.32
18/01/2024,2026,QLD,89.51
18/01/2024,2027,QLD,88.7
18/01/2024,2024,SA,90.34
18/01/2024,2025,SA,92.85
18/01/2024,2026,SA,95.15
18/01/2024,2027,SA,101
17/01/2024,2024,NSW,101.52
17/01/2024,2025,NSW,105.32
17/01/2024,2026,NSW,113.42
17/01/2024,2027,NSW,115.11
17/01/2024,2024,VIC,66.99
17/01/2024,2025,VIC,68.96
17/01/2024,2026,VIC,67.57
17/01/2024,2027,VIC,67.43
17/01/2024,2024,QLD,96.95
17/01/2024,2025,QLD,92.88
17/01/2024,2026,QLD,89.47
17/01/2024,2027,QLD,89
17/01/2024,2024,SA,90.96
17/01/2024,2025,SA,92.85
17/01/2024,2026,SA,95.15
17/01/2024,2027,SA,101
16/01/2024,2024,NSW,103.12
16/01/2024,2025,NSW,105.72
16/01/2024,2026,NSW,113.71
16/01/2024,2027,NSW,115.98
16/01/2024,2024,VIC,67.95
16/01/2024,2025,VIC,69.15
16/01/2024,2026,VIC,67.57
16/01/2024,2027,VIC,67.43
16/01/2024,2024,QLD,98.05
16/01/2024,2025,QLD,93.63
16/01/2024,2026,QLD,90.07
16/01/2024,2027,QLD,89.05
16/01/2024,2024,SA,90.52
16/01/2024,2025,SA,92.85
16/01/2024,2026,SA,95.15
16/01/2024,2027,SA,101
15/01/2024,2024,NSW,100.94
15/01/2024,2025,NSW,104.9
15/01/2024,2026,NSW,112.97
15/01/2024,2027,NSW,115.8
15/01/2024,2024,VIC,67.5
15/01/2024,2025,VIC,68.46
15/01/2024,2026,VIC,67.32
15/01/2024,2027,VIC,67.43
15/01/2024,2024,QLD,95.72
15/01/2024,2025,QLD,92.67
15/01/2024,2026,QLD,89.75
15/01/2024,2027,QLD,89.05
15/01/2024,2024,SA,90.94
15/01/2024,2025,SA,93.35
15/01/2024,2026,SA,95.15
15/01/2024,2027,SA,101
12/01/2024,2024,NSW,99.55
12/01/2024,2025,NSW,104.22
12/01/2024,2026,NSW,112.88
12/01/2024,2027,NSW,115.8
12/01/2024,2024,VIC,66.92
12/01/2024,2025,VIC,67.95
12/01/2024,2026,VIC,67.25
12/01/2024,2027,VIC,67.43
12/01/2024,2024,QLD,93.54
12/01/2024,2025,QLD,91.46
12/01/2024,2026,QLD,89.5
12/01/2024,2027,QLD,89.05
12/01/2024,2024,SA,90.94
12/01/2024,2025,SA,93.4
12/01/2024,2026,SA,95.15
12/01/2024,2027,SA,101.34
11/01/2024,2024,NSW,100
11/01/2024,2025,NSW,104.55
11/01/2024,2026,NSW,113
11/01/2024,2027,NSW,115.8
11/01/2024,2024,VIC,67.27
11/01/2024,2025,VIC,67.97
11/01/2024,2026,VIC,67.5
11/01/2024,2027,VIC,68.34
11/01/2024,2024,QLD,93.92
11/01/2024,2025,QLD,91.63
11/01/2024,2026,QLD,89.5
11/01/2024,2027,QLD,89.05
11/01/2024,2024,SA,91.94
11/01/2024,2025,SA,95.93
11/01/2024,2026,SA,95.65
11/01/2024,2027,SA,101.34
10/01/2024,2024,NSW,100.68
10/01/2024,2025,NSW,105.03
10/01/2024,2026,NSW,113.25
10/01/2024,2027,NSW,116.5
10/01/2024,2024,VIC,67.43
10/01/2024,2025,VIC,69.18
10/01/2024,2026,VIC,67.5
10/01/2024,2027,VIC,68.34
10/01/2024,2024,QLD,94.21
10/01/2024,2025,QLD,91.74
10/01/2024,2026,QLD,89.5
10/01/2024,2027,QLD,89.05
10/01/2024,2024,SA,91.8
10/01/2024,2025,SA,95.93
10/01/2024,2026,SA,96.76
10/01/2024,2027,SA,102.44
9/01/2024,2024,NSW,101.11
9/01/2024,2025,NSW,104.99
9/01/2024,2026,NSW,113.11
9/01/2024,2027,NSW,115.98
9/01/2024,2024,VIC,67.89
9/01/2024,2025,VIC,69.33
9/01/2024,2026,VIC,67.78
9/01/2024,2027,VIC,69.88
9/01/2024,2024,QLD,94.85
9/01/2024,2025,QLD,91.88
9/01/2024,2026,QLD,89.5
9/01/2024,2027,QLD,89.05
9/01/2024,2024,SA,93.17
9/01/2024,2025,SA,97.17
9/01/2024,2026,SA,103
9/01/2024,2027,SA,122
8/01/2024,2024,NSW,100.92
8/01/2024,2025,NSW,105.04
8/01/2024,2026,NSW,113.11
8/01/2024,2027,NSW,115.98
8/01/2024,2024,VIC,67.23
8/01/2024,2025,VIC,69.26
8/01/2024,2026,VIC,67.78
8/01/2024,2027,VIC,69.88
8/01/2024,2024,QLD,93.77
8/01/2024,2025,QLD,91.82
8/01/2024,2026,QLD,89.5
8/01/2024,2027,QLD,89.05
8/01/2024,2024,SA,94.98
8/01/2024,2025,SA,97.56
8/01/2024,2026,SA,103.21
8/01/2024,2027,SA,125.38
21/11/2023,2024,NSW,103.98
21/11/2023,2025,NSW,111.13
21/11/2023,2026,NSW,115
21/11/2023,2027,NSW,122.87
21/11/2023,2024,VIC,69.32
21/11/2023,2025,VIC,67.13
21/11/2023,2026,VIC,68.5
21/11/2023,2027,VIC,70.8
21/11/2023,2024,QLD,94.08
21/11/2023,2025,QLD,92.09
21/11/2023,2026,QLD,90.5
21/11/2023,2027,QLD,89.35
21/11/2023,2024,SA,102.91
21/11/2023,2025,SA,108.25
21/11/2023,2026,SA,119.23
21/11/2023,2027,SA,134.58
20/11/2023,2024,NSW,107.55
20/11/2023,2025,NSW,113.63
20/11/2023,2026,NSW,117
20/11/2023,2027,NSW,124
20/11/2023,2024,VIC,71.09
20/11/2023,2025,VIC,68.81
20/11/2023,2026,VIC,69.09
20/11/2023,2027,VIC,70.99
20/11/2023,2024,QLD,97.42
20/11/2023,2025,QLD,94
20/11/2023,2026,QLD,91.4
20/11/2023,2027,QLD,89.35
20/11/2023,2024,SA,103.36
20/11/2023,2025,SA,108.92
20/11/2023,2026,SA,119.23
20/11/2023,2027,SA,134.58
17/11/2023,2024,NSW,108.96
17/11/2023,2025,NSW,114.28
17/11/2023,2026,NSW,117.53
17/11/2023,2027,NSW,124.17
17/11/2023,2024,VIC,72.23
17/11/2023,2025,VIC,69.25
17/11/2023,2026,VIC,69.28
17/11/2023,2027,VIC,70.99
17/11/2023,2024,QLD,98.92
17/11/2023,2025,QLD,94.72
17/11/2023,2026,QLD,91.26
17/11/2023,2027,QLD,89.35
17/11/2023,2024,SA,103.7
17/11/2023,2025,SA,109.37
17/11/2023,2026,SA,119.23
17/11/2023,2027,SA,134.58
16/11/2023,2024,NSW,106.89
16/11/2023,2025,NSW,113.88
16/11/2023,2026,NSW,117
16/11/2023,2027,NSW,124.17
16/11/2023,2024,VIC,71
16/11/2023,2025,VIC,68.85
16/11/2023,2026,VIC,69.28
16/11/2023,2027,VIC,70.99
16/11/2023,2024,QLD,96.75
16/11/2023,2025,QLD,93.8
16/11/2023,2026,QLD,90.83
16/11/2023,2027,QLD,89.35
16/11/2023,2024,SA,103.7
16/11/2023,2025,SA,109.37
16/11/2023,2026,SA,119.23
16/11/2023,2027,SA,134.58
10/11/2023,2024,NSW,113.64
10/11/2023,2025,NSW,117.68
10/11/2023,2026,NSW,120.02
10/11/2023,2027,NSW,124.63
10/11/2023,2024,VIC,74.26
10/11/2023,2025,VIC,70.65
10/11/2023,2026,VIC,71.1
10/11/2023,2027,VIC,70.99
10/11/2023,2024,QLD,102.12
10/11/2023,2025,QLD,96.61
10/11/2023,2026,QLD,92
10/11/2023,2027,QLD,89.39
10/11/2023,2024,SA,104.37
10/11/2023,2025,SA,109.43
10/11/2023,2026,SA,120
10/11/2023,2027,SA,134.58
8/11/2023,2024,NSW,114.76
8/11/2023,2025,NSW,118.75
8/11/2023,2026,NSW,120.55
8/11/2023,2027,NSW,124.75
8/11/2023,2024,VIC,75.4
8/11/2023,2025,VIC,70.71
8/11/2023,2026,VIC,71.17
8/11/2023,2027,VIC,70.99
8/11/2023,2024,QLD,103.31
8/11/2023,2025,QLD,97.45
8/11/2023,2026,QLD,92.43
8/11/2023,2027,QLD,89.39
8/11/2023,2024,SA,105.9
8/11/2023,2025,SA,109.62
8/11/2023,2026,SA,120
8/11/2023,2027,SA,134.58
27/10/2023,2024,NSW,110.97
27/10/2023,2025,NSW,118.3
27/10/2023,2026,NSW,123.34
27/10/2023,2024,VIC,74.8
27/10/2023,2025,VIC,71.64
27/10/2023,2026,VIC,70.9
27/10/2023,2024,QLD,99.87
27/10/2023,2025,QLD,95.6
27/10/2023,2026,QLD,92
27/10/2023,2024,SA,109.92
27/10/2023,2025,SA,111.14
27/10/2023,2026,SA,123.2
20/10/2023,2024,NSW,117.9
20/10/2023,2025,NSW,121.35
20/10/2023,2026,NSW,124.92
20/10/2023,2024,VIC,77.17
20/10/2023,2025,VIC,72.18
20/10/2023,2026,VIC,71.08
20/10/2023,2024,QLD,106.11
20/10/2023,2025,QLD,98.64
20/10/2023,2026,QLD,93.5
20/10/2023,2024,SA,111.86
20/10/2023,2025,SA,111.19
20/10/2023,2026,SA,123.2
13/10/2023,2024,NSW,116.19
13/10/2023,2025,NSW,119.58
13/10/2023,2026,NSW,124.31
13/10/2023,2024,VIC,75.66
13/10/2023,2025,VIC,71.8
13/10/2023,2026,VIC,73
13/10/2023,2024,QLD,104.4
13/10/2023,2025,QLD,96.5
13/10/2023,2026,QLD,93.8
13/10/2023,2024,SA,113.99
13/10/2023,2025,SA,111.92
13/10/2023,2026,SA,130
6/10/2023,2024,NSW,116.8
6/10/2023,2025,NSW,121.13
6/10/2023,2026,NSW,126.76
6/10/2023,2024,VIC,74.78
6/10/2023,2025,VIC,71.03
6/10/2023,2026,VIC,74.18
6/10/2023,2024,QLD,103.75
6/10/2023,2025,QLD,96.96
6/10/2023,2026,QLD,93.95
6/10/2023,2024,SA,117.36
6/10/2023,2025,SA,113.67
6/10/2023,2026,SA,130
29/09/2023,2024,NSW,123.9
29/09/2023,2025,NSW,125.4
29/09/2023,2026,NSW,128.77
29/09/2023,2024,VIC,78.82
29/09/2023,2025,VIC,73.2
29/09/2023,2026,VIC,75
29/09/2023,2024,QLD,110.04
29/09/2023,2025,QLD,101.69
29/09/2023,2026,QLD,95.75
29/09/2023,2024,SA,120.61
29/09/2023,2025,SA,114.43
29/09/2023,2026,SA,130
22/09/2023,2024,NSW,128.32
22/09/2023,2025,NSW,128.38
22/09/2023,2026,NSW,130.5
22/09/2023,2024,VIC,80.68
22/09/2023,2025,VIC,74.37
22/09/2023,2026,VIC,75
22/09/2023,2024,QLD,115.18
22/09/2023,2025,QLD,103.11
22/09/2023,2026,QLD,96.12
22/09/2023,2024,SA,120.55
22/09/2023,2025,SA,113.32
22/09/2023,2026,SA,130
15/09/2023,2024,NSW,128.82
15/09/2023,2025,NSW,127.97
15/09/2023,2026,NSW,129.35
15/09/2023,2024,VIC,80.68
15/09/2023,2025,VIC,74.25
15/09/2023,2026,VIC,74.68
15/09/2023,2024,QLD,116.41
15/09/2023,2025,QLD,102.19
15/09/2023,2026,QLD,95.13
15/09/2023,2024,SA,120.12
15/09/2023,2025,SA,113.25
15/09/2023,2026,SA,130
8/09/2023,2024,NSW,127.9
8/09/2023,2025,NSW,124.56
8/09/2023,2026,NSW,125.97
8/09/2023,2024,VIC,79.79
8/09/2023,2025,VIC,73.37
8/09/2023,2026,VIC,73.5
8/09/2023,2024,QLD,112.91
8/09/2023,2025,QLD,97.52
8/09/2023,2026,QLD,92.33
8/09/2023,2024,SA,116.11
8/09/2023,2025,SA,112.76
8/09/2023,2026,SA,130
1/09/2023,2024,NSW,124.5
1/09/2023,2025,NSW,121.26
1/09/2023,2026,NSW,126
1/09/2023,2024,VIC,80
1/09/2023,2025,VIC,73.59
1/09/2023,2026,VIC,74.85
1/09/2023,2024,QLD,109.77
1/09/2023,2025,QLD,95.65
1/09/2023,2026,QLD,92.9
1/09/2023,2024,SA,113.67
1/09/2023,2025,SA,112.3
1/09/2023,2026,SA,130
25/08/2023,2024,NSW,129.95
25/08/2023,2025,NSW,122.41
25/08/2023,2026,NSW,125.77
25/08/2023,2024,VIC,83.08
25/08/2023,2025,VIC,73.43
25/08/2023,2026,VIC,74.98
25/08/2023,2024,QLD,115.26
25/08/2023,2025,QLD,96.38
25/08/2023,2026,QLD,93.25
25/08/2023,2024,SA,113.67
25/08/2023,2025,SA,112.06
25/08/2023,2026,SA,130
11/08/2023,2024,NSW,125.69
11/08/2023,2025,NSW,118.16
11/08/2023,2026,NSW,123.56
11/08/2023,2024,VIC,81.03
11/08/2023,2025,VIC,70.48
11/08/2023,2026,VIC,73.48
11/08/2023,2024,QLD,113.48
11/08/2023,2025,QLD,93.62
11/08/2023,2026,QLD,91.8
11/08/2023,2024,SA,112.67
11/08/2023,2025,SA,110.83
11/08/2023,2026,SA,131.73
28/07/2023,2024,NSW,126.19
28/07/2023,2025,NSW,115.14
28/07/2023,2026,NSW,122.2
28/07/2023,2024,VIC,79.13
28/07/2023,2025,VIC,69.28
28/07/2023,2026,VIC,74
28/07/2023,2024,QLD,113.29
28/07/2023,2025,QLD,93.19
28/07/2023,2026,QLD,91.5
28/07/2023,2024,SA,113.81
28/07/2023,2025,SA,110.59
28/07/2023,2026,SA,131.73
14/07/2023,2024,NSW,113.58
14/07/2023,2025,NSW,111.22
14/07/2023,2026,NSW,118.67
14/07/2023,2024,VIC,72.98
14/07/2023,2025,VIC,66.86
14/07/2023,2026,VIC,75.13
14/07/2023,2024,QLD,105.98
14/07/2023,2025,QLD,90.15
14/07/2023,2026,QLD,91.48
14/07/2023,2024,SA,112.93
14/07/2023,2025,SA,110.28
14/07/2023,2026,SA,131.73
1/07/2023,2024,NSW,130.98
1/07/2023,2025,NSW,122.02
1/07/2023,2026,NSW,130.44
1/07/2023,2024,VIC,78.06
1/07/2023,2025,VIC,72.42
1/07/2023,2026,VIC,75.2
1/07/2023,2024,QLD,118.25
1/07/2023,2025,QLD,95.52
1/07/2023,2026,QLD,91.92
1/07/2023,2024,SA,115.54
1/07/2023,2025,SA,110.28
1/07/2023,2026,SA,131.73
23/06/2023,2024,NSW,137
23/06/2023,2025,NSW,122.78
23/06/2023,2026,NSW,132.07
23/06/2023,2024,VIC,85.25
23/06/2023,2025,VIC,76.88
23/06/2023,2026,VIC,78
23/06/2023,2024,QLD,121.17
23/06/2023,2025,QLD,94.15
23/06/2023,2026,QLD,90.97
23/06/2023,2024,SA,116.93
23/06/2023,2025,SA,111.52
23/06/2023,2026,SA,131.73
16/06/2023,2024,NSW,139.04
16/06/2023,2025,NSW,124.17
16/06/2023,2026,NSW,133.5
16/06/2023,2024,VIC,89.52
16/06/2023,2025,VIC,77.44
16/06/2023,2026,VIC,78
16/06/2023,2024,QLD,123.23
16/06/2023,2025,QLD,95.5
16/06/2023,2026,QLD,93.25
16/06/2023,2024,SA,122.25
16/06/2023,2025,SA,112.25
16/06/2023,2026,SA,132
9/06/2023,2024,NSW,136.64
9/06/2023,2025,NSW,124.7
9/06/2023,2026,NSW,132.75
9/06/2023,2024,VIC,90.39
9/06/2023,2025,VIC,79.3
9/06/2023,2026,VIC,79
9/06/2023,2024,QLD,121.18
9/06/2023,2025,QLD,94.88
9/06/2023,2026,QLD,92.75
9/06/2023,2024,SA,128.12
9/06/2023,2025,SA,113.5
9/06/2023,2026,SA,132
14/05/2023,2024,NSW,172.57
14/05/2023,2025,NSW,153.22
14/05/2023,2026,NSW,139.66
14/05/2023,2024,VIC,127.17
14/05/2023,2025,VIC,93.83
14/05/2023,2026,VIC,83.77
14/05/2023,2024,QLD,167.92
14/05/2023,2025,QLD,128.16
14/05/2023,2026,QLD,116.38
14/05/2023,2024,SA,178.61
14/05/2023,2025,SA,163.58
14/05/2023,2026,SA,163.19
14/04/2023,2024,NSW,176.09
14/04/2023,2025,NSW,156.35
14/04/2023,2026,NSW,142.51
14/04/2023,2024,VIC,129.77
14/04/2023,2025,VIC,95.74
14/04/2023,2026,VIC,85.48
14/04/2023,2024,QLD,171.34
14/04/2023,2025,QLD,130.77
14/04/2023,2026,QLD,118.76
14/04/2023,2024,SA,182.25
14/04/2023,2025,SA,166.91
14/04/2023,2026,SA,166.52
14/03/2023,2024,NSW,146.74
14/03/2023,2025,NSW,130.29
14/03/2023,2026,NSW,118.76
14/03/2023,2024,VIC,108.14
14/03/2023,2025,VIC,79.78
14/03/2023,2026,VIC,71.23
14/03/2023,2024,QLD,142.79
14/03/2023,2025,QLD,108.98
14/03/2023,2026,QLD,98.96
14/03/2023,2024,SA,151.88
14/03/2023,2025,SA,139.1
14/03/2023,2026,SA,138.77
14/02/2023,2024,NSW,172.64
14/02/2023,2025,NSW,153.28
14/02/2023,2026,NSW,139.72
14/02/2023,2024,VIC,127.22
14/02/2023,2025,VIC,93.86
14/02/2023,2026,VIC,83.8
14/02/2023,2024,QLD,167.98
14/02/2023,2025,QLD,128.21
14/02/2023,2026,QLD,116.43
14/02/2023,2024,SA,178.68
14/02/2023,2025,SA,163.64
14/02/2023,2026,SA,163.26
14/01/2023,2024,NSW,171.78
14/01/2023,2025,NSW,152.52
14/01/2023,2026,NSW,139.02
14/01/2023,2024,VIC,126.59
14/01/2023,2025,VIC,93.4
14/01/2023,2026,VIC,83.39
14/01/2023,2024,QLD,167.15
14/01/2023,2025,QLD,127.57
14/01/2023,2026,QLD,115.85
14/01/2023,2024,SA,177.79
14/01/2023,2025,SA,162.83
14/01/2023,2026,SA,162.44
16/12/2022,2023,NSW,143.15
16/12/2022,2024,NSW,127.1
16/12/2022,2025,NSW,115.85
16/12/2022,2023,VIC,105.49
16/12/2022,2024,VIC,77.83
16/12/2022,2025,VIC,69.49
16/12/2022,2023,QLD,139.29
16/12/2022,2024,QLD,106.31
16/12/2022,2025,QLD,96.54
16/12/2022,2023,SA,148.16
16/12/2022,2024,SA,135.69
16/12/2022,2025,SA,135.37
9/12/2022,2023,NSW,162.5
9/12/2022,2024,NSW,136
9/12/2022,2025,NSW,131.16
9/12/2022,2023,VIC,109.71
9/12/2022,2024,VIC,78.76
9/12/2022,2025,VIC,74.88
9/12/2022,2023,QLD,164.13
9/12/2022,2024,QLD,112.01
9/12/2022,2025,QLD,102
9/12/2022,2023,SA,198.55
9/12/2022,2024,SA,174.02
9/12/2022,2025,SA,177
2/12/2022,2023,NSW,203
2/12/2022,2024,NSW,161.97
2/12/2022,2025,NSW,144.88
2/12/2022,2023,VIC,127.56
2/12/2022,2024,VIC,93.33
2/12/2022,2025,VIC,94
2/12/2022,2023,QLD,204.18
2/12/2022,2024,QLD,137.14
2/12/2022,2025,QLD,115.44
2/12/2022,2023,SA,201.26
2/12/2022,2024,SA,186.15
2/12/2022,2025,SA,177
25/11/2022,2023,NSW,206.24
25/11/2022,2024,NSW,165.45
25/11/2022,2025,NSW,145.76
25/11/2022,2023,VIC,132.25
25/11/2022,2024,VIC,100.46
25/11/2022,2025,VIC,98.37
25/11/2022,2023,QLD,213.67
25/11/2022,2024,QLD,143.14
25/11/2022,2025,QLD,118.5
25/11/2022,2023,SA,202
25/11/2022,2024,SA,186
25/11/2022,2025,SA,177
18/11/2022,2023,NSW,196.09
18/11/2022,2024,NSW,169.38
18/11/2022,2025,NSW,160.02
18/11/2022,2023,VIC,123.62
18/11/2022,2024,VIC,105
18/11/2022,2025,VIC,110.28
18/11/2022,2023,QLD,205.92
18/11/2022,2024,QLD,144.9
18/11/2022,2025,QLD,120.83
18/11/2022,2023,SA,219.45
18/11/2022,2024,SA,196.35
18/11/2022,2025,SA,186.9
11/11/2022,2023,NSW,186.75
11/11/2022,2024,NSW,161.31
11/11/2022,2025,NSW,152.4
11/11/2022,2023,VIC,117.73
11/11/2022,2024,VIC,100
11/11/2022,2025,VIC,105.03
11/11/2022,2023,QLD,196.11
11/11/2022,2024,QLD,138
11/11/2022,2025,QLD,115.08
11/11/2022,2023,SA,209
11/11/2022,2024,SA,187
11/11/2022,2025,SA,178
4/11/2022,2023,NSW,231.74
4/11/2022,2024,NSW,185.84
4/11/2022,2025,NSW,168
4/11/2022,2023,VIC,143
4/11/2022,2024,VIC,118
4/11/2022,2025,VIC,111.19
4/11/2022,2023,QLD,238.38
4/11/2022,2024,QLD,168.78
4/11/2022,2025,QLD,135
4/11/2022,2023,SA,209.75
4/11/2022,2024,SA,187.62
4/11/2022,2025,SA,178.1
28/10/2022,2023,NSW,233.33
28/10/2022,2024,NSW,187
28/10/2022,2025,NSW,173.25
28/10/2022,2023,VIC,148.17
28/10/2022,2024,VIC,120.9
28/10/2022,2025,VIC,119.84
28/10/2022,2023,QLD,239.48
28/10/2022,2024,QLD,172.54
28/10/2022,2025,QLD,134
28/10/2022,2023,SA,212.22
28/10/2022,2024,SA,185.35
28/10/2022,2025,SA,175
21/10/2022,2023,NSW,258.77
21/10/2022,2024,NSW,201.3
21/10/2022,2025,NSW,182.93
21/10/2022,2023,VIC,176.67
21/10/2022,2024,VIC,140
21/10/2022,2025,VIC,125.11
21/10/2022,2023,QLD,267.38
21/10/2022,2024,QLD,186.5
21/10/2022,2025,QLD,142.5
21/10/2022,2023,SA,209.88
21/10/2022,2024,SA,173.94
21/10/2022,2025,SA,167.15
14/10/2022,2023,NSW,243
14/10/2022,2024,NSW,192.31
14/10/2022,2025,NSW,181.29
14/10/2022,2023,VIC,170.64
14/10/2022,2024,VIC,133.72
14/10/2022,2025,VIC,122.99
14/10/2022,2023,QLD,245.32
14/10/2022,2024,QLD,171.9
14/10/2022,2025,QLD,143.16
14/10/2022,2023,SA,210
14/10/2022,2024,SA,165
14/10/2022,2025,SA,155
7/10/2022,2023,NSW,246.54
7/10/2022,2024,NSW,185.96
7/10/2022,2025,NSW,170.88
7/10/2022,2023,VIC,169.97
7/10/2022,2024,VIC,129.1
7/10/2022,2025,VIC,107.68
7/10/2022,2023,QLD,241.24
7/10/2022,2024,QLD,160.74
7/10/2022,2025,QLD,127
7/10/2022,2023,SA,193.31
7/10/2022,2024,SA,151.14
7/10/2022,2025,SA,136.05
30/09/2022,2023,NSW,232.1
30/09/2022,2024,NSW,166.89
30/09/2022,2025,NSW,149.1
30/09/2022,2023,VIC,157.16
30/09/2022,2024,VIC,110.67
30/09/2022,2025,VIC,90.41
30/09/2022,2023,QLD,223.68
30/09/2022,2024,QLD,140.93
30/09/2022,2025,QLD,109.23
30/09/2022,2023,SA,193.31
30/09/2022,2024,SA,151.14
30/09/2022,2025,SA,133.83
23/09/2022,2023,NSW,215.65
23/09/2022,2024,NSW,154.83
23/09/2022,2025,NSW,148
23/09/2022,2023,VIC,136.21
23/09/2022,2024,VIC,99.44
23/09/2022,2025,VIC,81.54
23/09/2022,2023,QLD,209.39
23/09/2022,2024,QLD,129.83
23/09/2022,2025,QLD,103
23/09/2022,2023,SA,184.36
23/09/2022,2024,SA,145.26
23/09/2022,2025,SA,133.83
16/09/2022,2023,NSW,222.88
16/09/2022,2024,NSW,159.9
16/09/2022,2025,NSW,148.76
16/09/2022,2023,VIC,139.17
16/09/2022,2024,VIC,101.53
16/09/2022,2025,VIC,81.81
16/09/2022,2023,QLD,212.93
16/09/2022,2024,QLD,134.5
16/09/2022,2025,QLD,106.25
16/09/2022,2023,SA,185.49
16/09/2022,2024,SA,145.26
16/09/2022,2025,SA,133.83
9/09/2022,2023,NSW,219.25
9/09/2022,2024,NSW,147.79
9/09/2022,2025,NSW,140.25
9/09/2022,2023,VIC,144.19
9/09/2022,2024,VIC,96.68
9/09/2022,2025,VIC,80.84
9/09/2022,2023,QLD,206.66
9/09/2022,2024,QLD,125
9/09/2022,2025,QLD,102
9/09/2022,2023,SA,165
9/09/2022,2024,SA,130
9/09/2022,2025,SA,119.68
2/09/2022,2023,NSW,219.25
2/09/2022,2024,NSW,147.79
2/09/2022,2025,NSW,140.25
2/09/2022,2023,VIC,144.19
2/09/2022,2024,VIC,96.68
2/09/2022,2025,VIC,80.84
2/09/2022,2023,QLD,206.66
2/09/2022,2024,QLD,125
2/09/2022,2025,QLD,102
2/09/2022,2023,SA,165
2/09/2022,2024,SA,130
2/09/2022,2025,SA,119.68
26/08/2022,2023,NSW,202.16
26/08/2022,2024,NSW,137.62
26/08/2022,2025,NSW,132.66
26/08/2022,2023,VIC,129.35
26/08/2022,2024,VIC,90.29
26/08/2022,2025,VIC,80
26/08/2022,2023,QLD,191.28
26/08/2022,2024,QLD,113.5
26/08/2022,2025,QLD,91.93
26/08/2022,2023,SA,151.5
26/08/2022,2024,SA,118
26/08/2022,2025,SA,105
19/08/2022,2023,NSW,187.61
19/08/2022,2024,NSW,137.25
19/08/2022,2025,NSW,129.9
19/08/2022,2023,VIC,124.78
19/08/2022,2024,VIC,88.35
19/08/2022,2025,VIC,78.95
19/08/2022,2023,QLD,180.26
19/08/2022,2024,QLD,110.84
19/08/2022,2025,QLD,88.5
19/08/2022,2023,SA,146
19/08/2022,2024,SA,115.38
19/08/2022,2025,SA,101.43
12/08/2022,2023,NSW,177.4
12/08/2022,2024,NSW,130
12/08/2022,2025,NSW,127.37
12/08/2022,2023,VIC,115.82
12/08/2022,2024,VIC,83.68
12/08/2022,2025,VIC,78.32
12/08/2022,2023,QLD,168.18
12/08/2022,2024,QLD,105.39
12/08/2022,2025,QLD,85.49
12/08/2022,2023,SA,136.5
12/08/2022,2024,SA,111.09
12/08/2022,2025,SA,101.43
5/08/2022,2023,NSW,176.39
5/08/2022,2024,NSW,130.14
5/08/2022,2025,NSW,125
5/08/2022,2023,VIC,113.21
5/08/2022,2024,VIC,81.31
5/08/2022,2025,VIC,77.86
5/08/2022,2023,QLD,165.73
5/08/2022,2024,QLD,103.43
5/08/2022,2025,QLD,83.53
5/08/2022,2023,SA,135.2
5/08/2022,2024,SA,112.06
5/08/2022,2025,SA,101.87
29/07/2022,2023,NSW,192.25
29/07/2022,2024,NSW,134.33
29/07/2022,2025,NSW,126.53
29/07/2022,2023,VIC,128.88
29/07/2022,2024,VIC,86.15
29/07/2022,2025,VIC,79
29/07/2022,2023,QLD,185.17
29/07/2022,2024,QLD,106.5
29/07/2022,2025,QLD,84
29/07/2022,2023,SA,153.89
29/07/2022,2024,SA,112.56
29/07/2022,2025,SA,102.32
22/07/2022,2023,NSW,200.26
22/07/2022,2024,NSW,136.4
22/07/2022,2025,NSW,126.75
22/07/2022,2023,VIC,133.03
22/07/2022,2024,VIC,87.47
22/07/2022,2025,VIC,78
22/07/2022,2023,QLD,189.28
22/07/2022,2024,QLD,108.13
22/07/2022,2025,QLD,83.72
22/07/2022,2023,SA,157.34
22/07/2022,2024,SA,112.8
22/07/2022,2025,SA,95.33
15/07/2022,2023,NSW,214.31
15/07/2022,2024,NSW,140.5
15/07/2022,2025,NSW,127.5
15/07/2022,2023,VIC,149.68
15/07/2022,2024,VIC,95
15/07/2022,2025,VIC,78.75
15/07/2022,2023,QLD,196.49
15/07/2022,2024,QLD,110.87
15/07/2022,2025,QLD,85.17
15/07/2022,2023,SA,157.27
15/07/2022,2024,SA,118.64
15/07/2022,2025,SA,88.56
8/07/2022,2023,NSW,199.26
8/07/2022,2024,NSW,132.76
8/07/2022,2025,NSW,125.25
8/07/2022,2023,VIC,130.23
8/07/2022,2024,VIC,84.06
8/07/2022,2025,VIC,75.82
8/07/2022,2023,QLD,190.71
8/07/2022,2024,QLD,109.24
8/07/2022,2025,QLD,85.61
8/07/2022,2023,SA,152.31
8/07/2022,2024,SA,119.92
8/07/2022,2025,SA,84.11
1/07/2022,2023,NSW,200
1/07/2022,2024,NSW,134.03
1/07/2022,2025,NSW,126.75
1/07/2022,2023,VIC,127
1/07/2022,2024,VIC,81.87
1/07/2022,2025,VIC,74.82
1/07/2022,2023,QLD,191.65
1/07/2022,2024,QLD,109.45
1/07/2022,2025,QLD,84.75
1/07/2022,2023,SA,152.31
1/07/2022,2024,SA,122
1/07/2022,2025,SA,84.11
28/06/2022,2023,NSW,198.22
28/06/2022,2024,NSW,133.77
28/06/2022,2025,NSW,125.5
28/06/2022,2023,VIC,119.09
28/06/2022,2024,VIC,78.5
28/06/2022,2025,VIC,75.5
28/06/2022,2023,QLD,189.86
28/06/2022,2024,QLD,109.78
28/06/2022,2025,QLD,89
28/06/2022,2023,SA,150.88
28/06/2022,2024,SA,128.01
28/06/2022,2025,SA,84.11
24/06/2022,2023,NSW,200.8
24/06/2022,2024,NSW,135.41
24/06/2022,2025,NSW,125.63
24/06/2022,2023,VIC,119.79
24/06/2022,2024,VIC,79.71
24/06/2022,2025,VIC,77.75
24/06/2022,2023,QLD,196
24/06/2022,2024,QLD,115.65
24/06/2022,2025,QLD,90.75
24/06/2022,2023,SA,153.76
24/06/2022,2024,SA,129.15
24/06/2022,2025,SA,84.11
10/06/2022,2023,NSW,210.63
10/06/2022,2024,NSW,138
10/06/2022,2025,NSW,126
10/06/2022,2023,VIC,120.82
10/06/2022,2024,VIC,82.31
10/06/2022,2025,VIC,79.25
10/06/2022,2023,QLD,203.55
10/06/2022,2024,QLD,122.31
10/06/2022,2025,QLD,96.62
10/06/2022,2023,SA,165
10/06/2022,2024,SA,133
10/06/2022,2025,SA,85
3/06/2022,2023,NSW,188.51
3/06/2022,2024,NSW,124.6
3/06/2022,2025,NSW,110
3/06/2022,2023,VIC,107.58
3/06/2022,2024,VIC,81.1
3/06/2022,2025,VIC,78.5
3/06/2022,2023,QLD,187.16
3/06/2022,2024,QLD,117.17
3/06/2022,2025,QLD,96.93
3/06/2022,2023,SA,148.5
3/06/2022,2024,SA,122.5
3/06/2022,2025,SA,79.28
27/05/2022,2023,NSW,189.29
27/05/2022,2024,NSW,127.53
27/05/2022,2025,NSW,103.5
27/05/2022,2023,VIC,119
27/05/2022,2024,VIC,82.22
27/05/2022,2025,VIC,74
27/05/2022,2023,QLD,192.32
27/05/2022,2024,QLD,120.65
27/05/2022,2025,QLD,92
27/05/2022,2023,SA,144
27/05/2022,2024,SA,116
27/05/2022,2025,SA,80
20/05/2022,2023,NSW,151.12
20/05/2022,2024,NSW,109
20/05/2022,2025,NSW,102.5
20/05/2022,2023,VIC,94.34
20/05/2022,2024,VIC,68
20/05/2022,2025,VIC,65
20/05/2022,2023,QLD,158.77
20/05/2022,2024,QLD,104.81
20/05/2022,2025,QLD,82.16
20/05/2022,2023,SA,109
20/05/2022,2024,SA,94.5
20/05/2022,2025,SA,71.5
13/05/2022,2023,NSW,124.13
13/05/2022,2024,NSW,99
13/05/2022,2025,NSW,100.95
13/05/2022,2023,VIC,72.56
13/05/2022,2024,VIC,58.5
13/05/2022,2025,VIC,59.65
13/05/2022,2023,QLD,122.76
13/05/2022,2024,QLD,84.36
13/05/2022,2025,QLD,71.76
13/05/2022,2023,SA,89.5
13/05/2022,2024,SA,78.32
13/05/2022,2025,SA,59.92
3/05/2022,2023,NSW,126.02
3/05/2022,2024,NSW,101.44
3/05/2022,2025,NSW,103
3/05/2022,2023,VIC,72.7
3/05/2022,2024,VIC,59.73
3/05/2022,2025,VIC,60.3
3/05/2022,2023,QLD,119.8
3/05/2022,2024,QLD,85.11
3/05/2022,2025,QLD,74.96
3/05/2022,2023,SA,84.1
3/05/2022,2024,SA,76.75
3/05/2022,2025,SA,59.95
14/04/2022,2023,NSW,114.55
14/04/2022,2024,NSW,99.26
14/04/2022,2025,NSW,105
14/04/2022,2023,VIC,62.75
14/04/2022,2024,VIC,55.75
14/04/2022,2025,VIC,59.65
14/04/2022,2023,QLD,98.62
14/04/2022,2024,QLD,77.23
14/04/2022,2025,QLD,73.5
14/04/2022,2023,SA,78.59
14/04/2022,2024,SA,74.55
14/04/2022,2025,SA,59.92
28/03/2022,2022,NSW,127.73
28/03/2022,2023,NSW,137.48
28/03/2022,2024,NSW,123.98
28/03/2022,2022,VIC,68.23
28/03/2022,2023,VIC,61.12
28/03/2022,2024,VIC,56.31
28/03/2022,2022,QLD,131.25
28/03/2022,2023,QLD,107.71
28/03/2022,2024,QLD,86.87
28/03/2022,2022,SA,79.93
28/03/2022,2023,SA,77.02
28/03/2022,2024,SA,70.22
18/03/2022,2022,NSW,102.53
18/03/2022,2023,NSW,109.45
18/03/2022,2024,NSW,96.5
18/03/2022,2022,VIC,62.31
18/03/2022,2023,VIC,56.3
18/03/2022,2024,VIC,51.74
18/03/2022,2022,QLD,116.09
18/03/2022,2023,QLD,92.62
18/03/2022,2024,QLD,75.35
18/03/2022,2022,SA,74.65
18/03/2022,2023,SA,69.33
18/03/2022,2024,SA,65.5
11/03/2022,2022,NSW,97.07
11/03/2022,2023,NSW,105.14
11/03/2022,2024,NSW,91.25
11/03/2022,2022,VIC,57.67
11/03/2022,2023,VIC,51.73
11/03/2022,2024,VIC,49.25
11/03/2022,2022,QLD,115.85
11/03/2022,2023,QLD,88.59
11/03/2022,2024,QLD,73.32
11/03/2022,2022,SA,75.73
11/03/2022,2023,SA,69.33
11/03/2022,2024,SA,64.5
7/03/2022,2022,NSW,96.57
7/03/2022,2023,NSW,102.38
7/03/2022,2024,NSW,89.89
7/03/2022,2022,VIC,58.19
7/03/2022,2023,VIC,51.81
7/03/2022,2024,VIC,50.4
7/03/2022,2022,QLD,110.67
7/03/2022,2023,QLD,87.16
7/03/2022,2024,QLD,72.59
7/03/2022,2022,SA,75.73
7/03/2022,2023,SA,69.33
7/03/2022,2024,SA,64.5
25/02/2022,2022,NSW,89.87
25/02/2022,2023,NSW,93.32
25/02/2022,2024,NSW,83.66
25/02/2022,2022,VIC,57.13
25/02/2022,2023,VIC,50.67
25/02/2022,2024,VIC,50.45
25/02/2022,2022,QLD,102.73
25/02/2022,2023,QLD,78.22
25/02/2022,2024,QLD,66.14
25/02/2022,2022,SA,72.56
25/02/2022,2023,SA,66.75
25/02/2022,2024,SA,61.69
21/02/2022,2022,NSW,86.47
21/02/2022,2023,NSW,90.22
21/02/2022,2024,NSW,82.22
21/02/2022,2022,VIC,55.92
21/02/2022,2023,VIC,50.1
21/02/2022,2024,VIC,49.5
21/02/2022,2022,QLD,99.61
21/02/2022,2023,QLD,76.72
21/02/2022,2024,QLD,65.09
21/02/2022,2022,SA,72.13
21/02/2022,2023,SA,65.74
21/02/2022,2024,SA,60.69
11/02/2022,2022,NSW,80.89
11/02/2022,2023,NSW,82.65
11/02/2022,2024,NSW,75.1
11/02/2022,2022,VIC,54.2
11/02/2022,2023,VIC,48.79
11/02/2022,2024,VIC,47
11/02/2022,2022,QLD,97.34
11/02/2022,2023,QLD,72.42
11/02/2022,2024,QLD,59.47
11/02/2022,2022,SA,72.54
11/02/2022,2023,SA,65.74
11/02/2022,2024,SA,60.06
4/02/2022,2022,NSW,82.78
4/02/2022,2023,NSW,84
4/02/2022,2024,NSW,75.89
4/02/2022,2022,VIC,56.22
4/02/2022,2023,VIC,49.42
4/02/2022,2024,VIC,47
4/02/2022,2022,QLD,106.86
4/02/2022,2023,QLD,75
4/02/2022,2024,QLD,60.77
4/02/2022,2022,SA,75.5
4/02/2022,2023,SA,65.74
4/02/2022,2024,SA,60.06
28/01/2022,2022,NSW,83.46
28/01/2022,2023,NSW,85.37
28/01/2022,2024,NSW,76.72
28/01/2022,2022,VIC,53.57
28/01/2022,2023,VIC,49.1
28/01/2022,2024,VIC,47.29
28/01/2022,2022,QLD,108
28/01/2022,2023,QLD,76.24
28/01/2022,2024,QLD,61.3
28/01/2022,2022,SA,70.64
28/01/2022,2023,SA,64.35
28/01/2022,2024,SA,59.87
21/01/2022,2022,NSW,83.62
21/01/2022,2023,NSW,85.07
21/01/2022,2024,NSW,76.7
21/01/2022,2022,VIC,55.47
21/01/2022,2023,VIC,49.91
21/01/2022,2024,VIC,47.51
21/01/2022,2022,QLD,103.67
21/01/2022,2023,QLD,75.8
21/01/2022,2024,QLD,61.74
21/01/2022,2022,SA,69.83
21/01/2022,2023,SA,63.35
21/01/2022,2024,SA,58.65
20/01/2022,2022,NSW,80.79
20/01/2022,2023,NSW,81.75
20/01/2022,2024,NSW,76.25
20/01/2022,2022,VIC,54.03
20/01/2022,2023,VIC,48.73
20/01/2022,2024,VIC,47.5
20/01/2022,2022,QLD,92.58
20/01/2022,2023,QLD,72.47
20/01/2022,2024,QLD,60.03
20/01/2022,2022,SA,69.83
20/01/2022,2023,SA,63.35
20/01/2022,2024,SA,58.65
14/01/2022,2022,NSW,85.46
14/01/2022,2023,NSW,84.14
14/01/2022,2024,NSW,79.24
14/01/2022,2022,VIC,53.64
14/01/2022,2023,VIC,48.96
14/01/2022,2024,VIC,48.25
14/01/2022,2022,QLD,98.78
14/01/2022,2023,QLD,74.85
14/01/2022,2024,QLD,61.79
14/01/2022,2022,SA,72.59
14/01/2022,2023,SA,64.46
14/01/2022,2024,SA,59
12/01/2022,2022,NSW,89.25
12/01/2022,2023,NSW,85.53
12/01/2022,2024,NSW,79.5
12/01/2022,2022,VIC,56.92
12/01/2022,2023,VIC,50.82
12/01/2022,2024,VIC,48.85
12/01/2022,2022,QLD,107.47
12/01/2022,2023,QLD,76.62
12/01/2022,2024,QLD,63.16
12/01/2022,2022,SA,72.34
12/01/2022,2023,SA,64.46
12/01/2022,2024,SA,59
17/12/2021,2022,NSW,76.35
17/12/2021,2023,NSW,76.44
17/12/2021,2024,NSW,72.21
17/12/2021,2022,VIC,55.39
17/12/2021,2023,VIC,50.01
17/12/2021,2024,VIC,46.75
17/12/2021,2022,QLD,83.5
17/12/2021,2023,QLD,67.41
17/12/2021,2024,QLD,58.51
17/12/2021,2022,SA,65.62
17/12/2021,2023,SA,58.56
17/12/2021,2024,SA,57.25
10/12/2021,2022,NSW,76.42
10/12/2021,2023,NSW,76.55
10/12/2021,2024,NSW,72.01
10/12/2021,2022,VIC,55.88
10/12/2021,2023,VIC,50.11
10/12/2021,2024,VIC,48.21
10/12/2021,2022,QLD,82.08
10/12/2021,2023,QLD,66.65
10/12/2021,2024,QLD,59.06
10/12/2021,2022,SA,64.94
10/12/2021,2023,SA,57
10/12/2021,2024,SA,55.68
3/12/2021,2022,NSW,72.86
3/12/2021,2023,NSW,73.01
3/12/2021,2024,NSW,69.56
3/12/2021,2022,VIC,53.02
3/12/2021,2023,VIC,48.73
3/12/2021,2024,VIC,47.57
3/12/2021,2022,QLD,77.8
3/12/2021,2023,QLD,64.79
3/12/2021,2024,QLD,57.65
3/12/2021,2022,SA,60.34
3/12/2021,2023,SA,55.85
3/12/2021,2024,SA,55.68
26/11/2021,2022,NSW,71.98
26/11/2021,2023,NSW,71.61
26/11/2021,2024,NSW,67.95
26/11/2021,2022,VIC,51.8
26/11/2021,2023,VIC,48.57
26/11/2021,2024,VIC,46.91
26/11/2021,2022,QLD,76.01
26/11/2021,2023,QLD,63.84
26/11/2021,2024,QLD,56.9
26/11/2021,2022,SA,60.83
26/11/2021,2023,SA,55
26/11/2021,2024,SA,57.5
19/11/2021,2022,NSW,68.09
19/11/2021,2023,NSW,68.01
19/11/2021,2024,NSW,66.35
19/11/2021,2022,VIC,49.11
19/11/2021,2023,VIC,46.95
19/11/2021,2024,VIC,45.88
19/11/2021,2022,QLD,68.59
19/11/2021,2023,QLD,59
19/11/2021,2024,QLD,52.45
19/11/2021,2022,SA,56.5
19/11/2021,2023,SA,51.9
19/11/2021,2024,SA,53.41
12/11/2021,2022,NSW,66.39
12/11/2021,2023,NSW,67.22
12/11/2021,2024,NSW,65.84
12/11/2021,2022,VIC,48.36
12/11/2021,2023,VIC,46.06
12/11/2021,2024,VIC,45.7
12/11/2021,2022,QLD,67.33
12/11/2021,2023,QLD,58.1
12/11/2021,2024,QLD,52.1
12/11/2021,2022,SA,53.97
12/11/2021,2023,SA,50.58
12/11/2021,2024,SA,53.41
5/11/2021,2022,NSW,69.73
5/11/2021,2023,NSW,68.75
5/11/2021,2024,NSW,66.52
5/11/2021,2022,VIC,48.92
5/11/2021,2023,VIC,46.36
5/11/2021,2024,VIC,46.07
5/11/2021,2022,QLD,69.1
5/11/2021,2023,QLD,59.25
5/11/2021,2024,QLD,52.77
5/11/2021,2022,SA,54.57
5/11/2021,2023,SA,51
5/11/2021,2024,SA,53.8
29/10/2021,2022,NSW,66.59
29/10/2021,2023,NSW,66.66
29/10/2021,2024,NSW,65.27
29/10/2021,2022,VIC,48.41
29/10/2021,2023,VIC,45.92
29/10/2021,2024,VIC,45.97
29/10/2021,2022,QLD,66.81
29/10/2021,2023,QLD,56.14
29/10/2021,2024,QLD,51.35
29/10/2021,2022,SA,53.85
29/10/2021,2023,SA,51
29/10/2021,2024,SA,53.8
22/10/2021,2022,NSW,68.56
22/10/2021,2023,NSW,67.07
22/10/2021,2024,NSW,65.32
22/10/2021,2022,VIC,50.01
22/10/2021,2023,VIC,46.71
22/10/2021,2024,VIC,46.91
22/10/2021,2022,QLD,70.25
22/10/2021,2023,QLD,57.75
22/10/2021,2024,QLD,52.54
22/10/2021,2022,SA,54.28
22/10/2021,2023,SA,51
22/10/2021,2024,SA,53.8
19/10/2021,2022,NSW,66.02
19/10/2021,2023,NSW,65.83
19/10/2021,2024,NSW,63.99
19/10/2021,2022,VIC,47.39
19/10/2021,2023,VIC,45.5
19/10/2021,2024,VIC,45.58
19/10/2021,2022,QLD,63.25
19/10/2021,2023,QLD,55.25
19/10/2021,2024,QLD,51.09
19/10/2021,2022,SA,53.29
19/10/2021,2023,SA,51
19/10/2021,2024,SA,53.8
15/10/2021,2022,NSW,64.16
15/10/2021,2023,NSW,64.98
15/10/2021,2024,NSW,63.86
15/10/2021,2022,VIC,46.49
15/10/2021,2023,VIC,44.77
15/10/2021,2024,VIC,45.2
15/10/2021,2022,QLD,60.98
15/10/2021,2023,QLD,53.83
15/10/2021,2024,QLD,50.75
15/10/2021,2022,SA,53.09
15/10/2021,2023,SA,51
15/10/2021,2024,SA,53.8
8/10/2021,2022,NSW,65.47
8/10/2021,2023,NSW,65.5
8/10/2021,2024,NSW,64.47
8/10/2021,2022,VIC,47.35
8/10/2021,2023,VIC,44.8
8/10/2021,2024,VIC,45.48
8/10/2021,2022,QLD,62.16
8/10/2021,2023,QLD,55
8/10/2021,2024,QLD,50.75
8/10/2021,2022,SA,52
8/10/2021,2023,SA,52.5
8/10/2021,2024,SA,53.8
27/09/2021,2022,NSW,65.25
27/09/2021,2023,NSW,65.65
27/09/2021,2024,NSW,63.86
27/09/2021,2022,VIC,47.86
27/09/2021,2023,VIC,46.17
27/09/2021,2024,VIC,45.45
27/09/2021,2022,QLD,59.99
27/09/2021,2023,QLD,53.58
27/09/2021,2024,QLD,48.95
27/09/2021,2022,SA,53.2
27/09/2021,2023,SA,52.5
27/09/2021,2024,SA,53.8
23/09/2021,2022,NSW,64.36
23/09/2021,2023,NSW,64.7
23/09/2021,2024,NSW,63.5
23/09/2021,2022,VIC,47.88
23/09/2021,2023,VIC,46
23/09/2021,2024,VIC,45.25
23/09/2021,2022,QLD,57.71
23/09/2021,2023,QLD,52.41
23/09/2021,2024,QLD,48.66
23/09/2021,2022,SA,53.19
23/09/2021,2023,SA,52.5
23/09/2021,2024,SA,53.8
20/09/2021,2022,NSW,62.82
20/09/2021,2023,NSW,63.5
20/09/2021,2024,NSW,62.42
20/09/2021,2022,VIC,46.45
20/09/2021,2023,VIC,45.05
20/09/2021,2024,VIC,45.12
20/09/2021,2022,QLD,55.98
20/09/2021,2023,QLD,51.18
20/09/2021,2024,QLD,47.97
20/09/2021,2022,SA,53.25
20/09/2021,2023,SA,52.5
20/09/2021,2024,SA,53.8
10/09/2021,2022,NSW,64.72
10/09/2021,2023,NSW,64.31
10/09/2021,2024,NSW,63.04
10/09/2021,2022,VIC,49.6
10/09/2021,2023,VIC,46.28
10/09/2021,2024,VIC,46.43
10/09/2021,2022,QLD,57.35
10/09/2021,2023,QLD,51.39
10/09/2021,2024,QLD,48.02
10/09/2021,2022,SA,54.5
10/09/2021,2023,SA,52.5
10/09/2021,2024,SA,53.78
